src	tgt	freq
।	।	572
आज	आज	235
काम	काम	133
एक	एक	100
हिमाचल	हिमाचल	93
दो	दुई	93
जी	जी	87
पर	पर	85
राम	राम	78
बात	बात	75
ठीक	ठीक	72
ब	ब	67
आप	तु	66
भाई	भाई	61
अर्जुन	अर्जुन	57
प	प	56
हाथ	हाथ	55
कि	कि	54
तुम	तु	50
ना	ना	50
सु	सु	49
दुनिया	दुनिया	48
तू	तु	46
र	र	45
देश	देश	44
का	का	43
ग	ग	43
न	ना	42
था	थियो	41
कुमार	कुमार	40
कुल	कुल	40
रानी	रानी	39
मेरी	मेरो	39
ओह	ओह	38
म	म	37
फ	फ	37
दिल्ली	दिल्ली	37
माइक	माइक	37
ल	ल	36
पांच	पांच	35
या	या	34
थी	थी	34
स	स	34
सात	सात	34
बारे	बारे	33
खुश	खुश	33
हाय	हाय	31
मेरे	मेरो	31
आ	आ	30
शर्मा	शर्मा	30
सो	सो	30
जॉन	जॉन	29
को	।	28
पसंद	पसंद	28
सीता	सीता	28
सिंह	सिंह	28
ने	##े	28
प्रेम	प्रेम	28
खेल	खेल	27
श	श	27
माँ	आमा	27
माता	माता	26
ज	ज	26
आठ	आठ	26
सि	सि	26
बोल	बोल	25
साथ	साथ	25
लेकिन	पर	25
मार	मार	25
शहर	शहर	25
दीपक	दीपक	25
बोला	बोल	24
दोनों	दुई	24
धन्यवाद	शुक्र	24
प्रधान	प्रधान	24
गंगा	गंगा	24
नारायण	नारायण	24
ठीक	ठिक	23
शादी	शादी	23
के	के	23
सा	सा	23
दुकान	दुकान	23
मां	आमा	23
राजा	राज	22
बाद	##छ	22
च	च	22
पी	पी	22
बस	बस	22
न	न	22
राज	राज	22
व	व	22
मेरा	मेरो	22
अरे	अरे	21
सुख	सुख	21
कु	कु	21
भाषा	भाषा	21
दत्त	दत्त	21
फैसला	फैसला	20
थे	थे	20
दूर	दूर	20
कोरोना	कोरोना	20
पुलिस	पुलिस	20
राधा	राधा	20
भारत	भारत	20
मै	मै	19
आग	आग	19
हार	हार	19
लाल	लाल	19
राजा	राजा	19
फिर	फिर	18
कौन	कुन	18
कहा	बोल	18
बाबा	बाबा	18
है	।	17
तो	ता	17
कर	##ंदै	17
और	आ	17
जाम	जाम	17
से	का	17
कोशिश	कोशिश	17
के	।	17
कला	कला	17
था	##यो	17
ट	ट	17
तीन	त्	17
सेवा	सेवा	17
रोटी	रोटी	17
बिना	बिना	17
था	थे	16
धो	धो	16
है	##स	16
पेट	पेट	16
याद	याद	16
सत्य	सत्य	16
योजना	योजना	16
शौक	शौक	16
बोली	बोल	16
क	क	16
जीवन	##िंदगी	16
“	“	16
हर	हर	16
खा	खा	16
मे	मे	16
ने	।	16
वोट	वोट	16
भक्त	भक्त	16
के	##ह	16
स्कूल	स्कूल	16
मीना	मीना	16
धर्म	धर्म	16
प्रदेश	प्रदेश	15
अच्छा	अच्छा	15
शिमला	शिमला	15
उ	उ	15
महीने	महीना	15
कुत्ते	कुकुर	15
बि	बि	15
बोलते	बोल	15
आया	आ	15
अ	अ	15
कान	कान	15
की	।	15
ओ	ओ	15
मास्टर	मास	15
पंडित	पंडित	15
जिला	जिला	15
देवी	देवी	14
देखा	देखो	14
ख	ख	14
चा	चा	14
बाकी	बाकी	14
है	##ह	14
गेम	गेम	14
लाौर	ल	14
्था	:	14
सरकार	सरकार	14
पीछे	##छ	14
जय	जय	14
स्कूल	स्कुल	14
तो	##ह	14
सौ	सौ	13
कार्यक्रम	कार्यक्रम	13
वाह	वाह	13
है	है	13
पास	पास	13
कार	कार	13
ड	ड	13
से	से	13
दुख	दुख	13
छु	छु	13
परम	परम	13
वि	वि	13
ठाकुर	ठाकुर	13
भीम	भीम	13
पंचायत	पंचायत	13
कहने	बोल	12
आए	आए	12
चाचा	चाचा	12
नहीं	ना	12
दिन	दिन	12
स्	स्	12
विश्वास	विश्वास	12
भ	भ	12
बोले	बोल	12
सुन	सुन	12
द	द	12
इ	इ	12
ह	ह	12
माल	माल	12
कम	कम	12
हाथों	हाथ	12
पं	पं	12
चं	चं	12
मैरी	मैरी	12
बाजार	##ज़ार	11
कक्षा	कक्षा	11
त	त	11
खा	खाई	11
भूल	##सर	11
खाने	खा	11
विवाह	शादी	11
प्यार	प्यार	11
हाई	हाई	11
में	कै	11
बता	बोल	11
रोज	रोज	11
शायद	शायद	11
माँ	माँ	11
सी	सी	11
शिक्षा	शिक्षा	11
हाल	हाल	11
तेल	तेल	11
चलो	चलो	11
बी	बी	11
छ	छ	11
मंगल	मंगल	11
देव	देव	11
तीस	तीस	11
रस	रस	11
सरकारी	सरकारी	11
मंडी	मंडी	11
ऑ	ऑ	11
वी	वी	11
बार	बार	11
बोलने	बोल	10
पाँच	पाँच	10
का	।	10
खुशी	खुशी	10
टीवी	टीवी	10
बोलता	बोल	10
वीडियो	वीडियो	10
हि	हि	10
रिश्ते	रिश्ता	10
साफ	साफ	10
एका	एका	10
ह	हाँ	10
की	##ह	10
सर	सर	10
दा	दा	10
पानी	पानी	10
बातें	बात	10
रचना	रचना	10
जगत	जगत	10
में	के	10
टी	टी	10
पेट्रोल	पेट्रोल	10
शुरू	शुरु	10
जे	जे	10
पहाड़ी	पहाड़ी	9
कह	बोला	9
ए	ए	9
घ	घ	9
श्याम	श्याम	9
देर	देर	9
खाना	खाऊ	9
शो	शो	9
मि	मि	9
शुरू	शुरू	9
बिल्कुल	बिल्कुल	9
खोल	खोल	9
बाद	बाद	9
दिमाग	दिमाग	9
मौत	मौत	9
मो	मो	9
है	##़	9
साहित्य	साहित्य	9
पाठ	पाठ	9
दिन	दि	9
दी	दी	9
बा	बा	9
नर	नर	9
आए	आ	9
पार	पार	9
ध	ध	9
दिवाली	दिवाली	9
संस्कृति	संस्कृति	9
विभाग	विभाग	9
साहब	सा	9
एम	एम	9
प्रकृति	प्रकृति	9
डॉ	डॉ	9
पागल	पागल	9
अध्यक्ष	अध्यक्ष	9
गुलाब	गुलाब	9
अपार्टमेंट	अपार्टमेंट	9
जेम्स	जेम्स	9
नैीन्स	नै	9
इतिहास	इतिहास	8
शिव	शिव	8
गीता	गीता	8
शांति	शांति	8
तो	।	8
बे	बे	8
सीट	सीट	8
रंग	रंग	8
दुःख	दुख	8
ब	बा	8
सामान	सामान	8
आराम	आराम	8
फुटबॉल	फुट	8
कै	कै	8
यकीन	यकीन	8
कहते	बोल	8
मालिक	मालिक	8
जीवन	जिंदगी	8
रवि	रवि	8
को	को	8
वे	वे	8
की	की	8
विश्व	दुनिया	8
दमन	दमन	8
से	##ै	8
साल	साल	8
हा	हा	8
कुर्सी	कुर्सी	8
पूजा	पूजा	8
गुरु	गुरु	8
सोच	सोच	8
चार	चार	8
चाल	चाल	8
रो	रो	8
की	##ि	8
पंच	पंच	8
रिश्ता	रिश्ता	8
ब	##ु	8
विधि	विधि	8
00	00	8
साह	साह	8
बुरा	बुरा	8
चुनाव	चुनाव	8
कई	कई	8
एस	एस	8
कविता	कविता	8
गाड़ी	गाडी	8
ला	ला	8
गिलास	गिलास	8
बोल	बोले	8
खुद	खुद	8
ता	ता	8
जीवन	##िन्	8
डॉक्टर	डॉक्टर	8
रुपए	रुप	8
जज	जज	8
कर्मचारियों	कर्मचारी	8
का	##े	8
को	##ह	8
संगीत	संगीत	8
लो	लो	8
बाबांशी	बाबा	8
चैनल	चैनल	8
हे	ओह	8
इस	इस	8
उप	उप	8
लभि	ल	8
ब्राह्मण	ब्राह्मण	8
महान	महान	8
नाच	नाच	8
तैयार	तैयार	8
मानवता	मानवता	8
बोल	बोला	7
मस्ती	मस्ती	7
दूध	दूध	7
7	7	7
हे	हे	7
हैरान	हैरान	7
ख्याल	ख्याल	7
पर	कै	7
आम	आम	7
मेरी	मै	7
आई	आ	7
बधाई	बधाई	7
लगभग	लगभग	7
कु	कुकुर	7
आई	आई	7
नहीं	न	7
डी	डी	7
पार्क	पार्क	7
खाने	खाना	7
आशा	आशा	7
दर्द	दुख	7
ही	##ह	7
अधिकारी	अधिकारी	7
समाज	समाज	7
मिनट	मिनट	7
देखकर	देखि	7
मस्त	मस्त	7
मांग	मांग	7
लगाकर	##ंदै	7
जनता	जनता	7
महिला	महिला	7
पी	प	7
फ	फुट	7
हो	हो	7
बैंड	बैंड	7
की	##े	7
महल	महल	7
माया	माया	7
की	के	7
तिवारी	तिवारी	7
थे	थियो	7
दान	दान	7
नै	नै	7
मंत्री	मंत्री	7
बालक	बालक	7
ऑफ	ऑफ	7
कवि	कवि	7
कलाकार	कलाकार	7
न्याय	न्याय	7
सुमन	सुमन	7
भगत	भगत	7
सिख	सिख	7
धारा	धारा	7
हिन्दी	हिन्दी	6
ई	ई	6
लोक	लोक	6
किलो	किलो	6
फोन	फोन	6
मास्टर	मास्टर	6
ने	##ै	6
पूछा	पु	6
ही	##े	6
खेलते	खेल	6
बादल	बादल	6
आसमान	आसमान	6
मे	##हम	6
सूट	सूट	6
मन	मन	6
माहौल	माहौल	6
महात्मा	महात्मा	6
निक	निक	6
2	2	6
विशेष	खास	6
आपको	तुम	6
बैंक	बैंक	6
एन	एन	6
शांत	शांत	6
अपना	##न	6
हु	हु	6
विज्ञान	विज्ञान	6
के	##ि	6
डा	डा	6
ट्रेन	ट्रेन	6
यार	यार	6
लि	लि	6
बीच	बीच	6
के	##छ	6
बिस्तर	बिस्तर	6
कार्य	काम	6
बिल	बिल	6
इंडिया	इंडिया	6
जुलाई	जुलाई	6
1	1	6
घंटे	घंटा	6
सेना	सेना	6
2	दुई	6
दुखी	दुखी	6
स्टेशन	स्टेशन	6
किताब	किताब	6
नी	नी	6
वह	।	6
खुल	खुल	6
हुक	हुक	6
जाति	जाति	6
पाँच	पांच	6
खान	खान	6
बाबू	बाबू	6
के	##ई	6
कह	बोल	6
के	कै	6
आर	आर	6
वार्ड	वार्ड	6
अपनी	##नी	6
ढाई	ढाई	6
अकादमी	अकादमी	6
प्रा	प्रा	6
काशी	काशी	6
सवाल	सवाल	6
एकता	एकता	6
की	##ई	6
शामिल	शामिल	6
पार्टी	पार्टी	6
बोला	बोले	6
परी	परी	6
देख	देखि	6
झ	झ	6
वकील	वकील	6
रा	रा	6
गुप्ता	गुप्ता	6
गा	ग्राम	6
राजकुमारी	राजकुमारी	6
प्रकाश	प्रकाश	6
कुल्लू	कुल	6
रे	रे	6
श्री	श्री	6
जो	जो	6
कर्म	कर्म	6
में	##ह	6
हीरो	हीरो	6
साहब	साहब	6
कॉलेज	कॉलेज	6
पाप	पाप	6
लेखक	लेखक	6
पा	पा	6
खराब	खराब	6
भू	भू	6
एच	एच	6
बिहार	बिहार	6
भीमसेन	भीम	6
जामुन	जाम	6
भेद	भेद	6
थी	थियो	6
प्रार्थना	प्रार्थना	6
बिग	बिग	6
बाप	बाप	6
बाजार	बाजार	6
एक	##ह	6
फूल	फुल	6
फुटबॉल	फुटबॉल	6
ा	:	6
ईद	ईद	6
पुराना	पुरानो	6
जरूरी	जरुरी	6
सप्ताह	सप्ताह	6
हरंगेग	हर	6
पहाड़ी	पहाडी	6
भाव	भाव	5
रुपए	रुपया	5
है	ठीक	5
व्यस्त	व्यस्त	5
12	12	5
खैर	खैर	5
बात	बोल	5
नाक	नाक	5
आ	आए	5
काट	काट	5
रोक	रोक	5
तर	तर	5
निकला	निकल	5
गा	गा	5
काली	काली	5
के	सि	5
वेद	वेद	5
है	##ं	5
भी	##़	5
बाल	बाल	5
कानून	कानून	5
टेनिस	टेनिस	5
कॉलेज	कालेज	5
कंप्यूटर	कंप्यूटर	5
टीम	टीम	5
जयंती	जयंती	5
बंड्रे	ब	5
है	##ै	5
आसान	आसान	5
हालांकि	हालांकि	5
हमारे	आम	5
गुप्त	गुप्त	5
क्लास	क्लास	5
डे	डे	5
कृपया	कृपया	5
बुखार	बुखार	5
पांच	पाँच	5
प्रोजेक्ट	प्रोजेक्ट	5
अ	आ	5
ा	,	5
श्रीमती	श्रीमती	5
मार्च	मार्च	5
से	##ंदै	5
भविष्य	भविष्य	5
लाख	लाख	5
विद्या	विद्या	5
ही	ही	5
ज्ञान	ज्ञान	5
विद्यार्थी	विद्यार्थी	5
थी	##ह	5
बह	बह	5
टैक्स	टैक्स	5
हैं	##ि	5
8	8	5
10	10	5
क्या	?	5
कमल	कमल	5
हमी	हमी	5
साहित्यिक	साहित्यिक	5
की	कि	5
ख	खा	5
हरि	हरि	5
रुपये	रुपया	5
तारीख	तारीख	5
फैसले	फैसला	5
आस	आस	5
सही	सही	5
पूरे	पुरै	5
कुंडली	कुंडली	5
से	।	5
सो	सु	5
थी	।	5
यू	यू	5
जा	जा	5
भाग्य	भाग्य	5
है	##े	5
राजपूत	राजपूत	5
चौथा	चौथा	5
भई	भई	5
कं	कं	5
ति	ति	5
चीन	चीन	5
मोटर	मोटर	5
मेल	मेल	5
पु	पु	5
गौतम	गौतम	5
महा	महा	5
त्	त्	5
नि	नि	5
मर	मर	5
दि	दि	5
चिकन	चिकन	5
असर	असर	5
चक्कर	चक्कर	5
दिख	देख	5
लाखों	लाखो	5
भी	##ह	5
का	##ह	5
के	##े	5
विद्रोह	विद्रोह	5
काला	कालो	5
ना	न	5
क्या	कि	5
पैदल	पैदल	5
उद्योग	उद्योग	5
पुरानी	पुरानो	5
था	##ह	5
दिवस	दिवस	5
‘	‘	5
की	##ं	5
माता	आमा	5
फिर	##बार	5
निशान	निशान	5
आरम्भ	शुरु	5
है	##ई	5
अंग्रेजी	अंग्रेजी	5
दीपकवी	दीपक	5
प्र	प्र	5
ह	हु	5
बाब	बाबा	5
रुपये	रुप	5
कार	गाडी	5
यात्रा	यात्रा	5
तल	तल	5
आप	आफु	5
आजाद	आजाद	5
क्या	के	5
सुविधा	सुविधा	5
लेलीस्	ले	5
ओ	ओह	5
पहाड़	पहाड	5
नज़र	नजर	5
पंग	प	5
पूजाठ	पूजा	5
तो	##्को	5
भजन	भजन	4
काल	काल	4
गो	गो	4
प्याज	प्याज	4
हैं	।	4
तो	##ै	4
हाँ	हाँ	4
महीने	महिना	4
में	।	4
जिन्दगी	##िंदगी	4
को	##ँ	4
खेल	खेला	4
खाते	खा	4
आकर	आ	4
आये	आए	4
मुश्किल	मुश्किल	4
मौसम	मौसम	4
दिया	दिन	4
वाली	।	4
आसन	आसन	4
रेल	रेल	4
है	आ	4
डिग्री	डिग्री	4
आप	##ौ	4
गुलाबी	गुलाबी	4
य	य	4
अच्छा	ठीक	4
हो	##ै	4
बजे	बजे	4
अलावा	अलावा	4
हर	रोज	4
कंपनी	कंपनी	4
हैं	##दै	4
समय	टाइम	4
शाकाहारी	शाकाहारी	4
आदेश	हुक	4
क्रिस	क्रिस	4
मेरे	मै	4
बी	बि	4
शुभ	शुभ	4
पाकिस्तान	पाकिस्तान	4
मांग	माँ	4
प्रभु	प्रभु	4
क्	क्	4
विटामिन	विटामिन	4
निकल	निकल	4
में	बारे	4
मिठाई	मिठाई	4
के	प	4
को	कै	4
हिंदी	हिंदी	4
था	।	4
ही	##ै	4
दिखाई	देख	4
”	”	4
संजीव	संजीव	4
आज्ञा	हुक	4
6	छ	4
पूरी	पुरी	4
व्यवस्था	व्यवस्था	4
रिश्ते	रिश्ते	4
आखिर	आखिर	4
हिसाब	हिसाब	4
त	ता	4
जानकारी	जानकारी	4
मान	मान	4
परेशान	परेशान	4
परिषद	परिषद	4
के	##ंदै	4
प्रेस	प्रेस	4
दी	##ई	4
थीं	थी	4
सुा	सु	4
लगे	लागे	4
अस	अस	4
अपने	##नै	4
पैसे	पैसा	4
दुर्गा	दुर्गा	4
थे	##ह	4
दी	दि	4
खाली	खाली	4
वास	वास	4
खाना	खाना	4
सहारा	सहारा	4
अंतिम	##खरी	4
अ	आमा	4
बोली	##ै	4
की	कै	4
रझ	र	4
का	##ं	4
दौड़	##ौड	4
मैदान	मैदान	4
साहित्यकार	साहित्यकार	4
कि	।	4
तीर्थ	तीर्थ	4
आ	##ँ	4
किसान	किसान	4
प्रयोगशाला	प्रयोगशाला	4
केक	केक	4
पालतू	पालतू	4
संजय	संजय	4
निकल	निकली	4
‘	“	4
क्या	कुन	4
ठ	ठ	4
शखाि	श	4
बोली	बोली	4
न	,	4
कश्मीर	कश्मीर	4
कमाल	कमाल	4
आकाश	आकाश	4
रिट	रिट	4
मेला	मेला	4
विदेश	विदेश	4
राजकुमार	राजकुमार	4
पू	पू	4
राजधानी	राजधानी	4
देते	दि	4
गांधी	गांधी	4
चंबा	चं	4
भक्तों	भक्त	4
अल्लाह	अल्लाह	4
से	##ह	4
दीप	दीप	4
मोदी	मोदी	4
केजरीवाल	केजरीवाल	4
नशा	नशा	4
कमी	कमी	4
20	बीस	4
तो	##ं	4
काली	कालो	4
खुद	आफु	4
ने	##ं	4
ने	##ह	4
इंडस्ट्री	इंडस्ट्री	4
नाथ	नाथ	4
रमेश	रमेश	4
ने	ने	4
मां	मां	4
शहीद	शहीद	4
भूत	भूत	4
विधायक	विधायक	4
बेशक	बेशक	4
यह	##ह	4
सागर	सागर	4
चीनी	चीनी	4
रत्न	रत्न	4
ऐतिहासिक	ऐतिहासिक	4
ग्ड	ग	4
को	##ं	4
कहने	बोले	4
नेसेन	##े	4
को	##ई	4
परिषद्	परिषद्	4
हिमाचलर	हिमाचल	4
सदस्य	सदस्य	4
म	,	4
गया	##ा	4
ऐ	ऐ	4
सीमा	सीमा	4
कर	##ह	4
सांवर	सा	4
राेधिक	रा	4
ची	ची	4
दिया	दे	4
गरीब	गरीब	4
गए	##ह	4
जाल	जाल	4
राजाघी	राजा	4
सेवक	सेवा	4
चोरी	चोर	4
टाइम	टाइम	4
हाय	##ह	4
ऑस्ट्रेलिया	ऑस्ट्रेलिया	4
देखा	देखि	4
प	पे	4
अर्चना	अर्चना	4
सारा	सारा	4
थी	थ	4
कल	कल	4
आप	##ह	4
जरूरत	जरुरत	4
जो	जुन	4
आजकल	आजकाल	4
जेल	जेल	4
युग	युग	4
आजादी	आजादी	4
बिजली	बिजली	4
मुँह	मुँह	4
डॉक्टरार	डॉक्टर	4
हालांकि	हालाँकि	3
सन	सन	3
चर	चर	3
का	##़	3
शक्ति	शक्ति	3
में	का	3
रही	##ह	3
क्षमा	माफ	3
वाला	।	3
हो	शुरू	3
क्योंकि	##कि	3
काफी	काफी	3
हुए	।	3
ी	,	3
एकदम	एकदम	3
गेंद	गेंद	3
मेले	मेला	3
हाथी	हाथी	3
के	##ना	3
किस	कुन	3
की	का	3
के	,	3
गाँधी	गाँधी	3
मजबूर	मजबूर	3
गया	##ो	3
बढ़िया	बढ़िया	3
पूल	पूल	3
4	4	3
मेरे	##रै	3
भाइयों	भाई	3
उम्मीद	आशा	3
खेलना	खेलना	3
30	30	3
पनीर	पनीर	3
नमस्कार	##स्ते	3
ग्रेड	ग्रेड	3
6	6	3
ह	!	3
जून	जून	3
बाग	बाग	3
सहमत	सहमत	3
दशक	दशक	3
र	,	3
देता	दि	3
शुभकामना	शुभकामना	3
ंड्रे	,	3
मल्टी	मल्टी	3
जोश	जोश	3
एल	एल	3
किराए	किराया	3
मित	:	3
वन	वन	3
तुम	तुम	3
ला	ल	3
डॉक्टर	ड	3
क्रीम	क्रीम	3
बेच	बेच	3
पैक	पैक	3
खाने	खाऊ	3
ध्यान	ध्यान	3
राग	राग	3
न	नौ	3
विचार	विचार	3
22	22	3
मोती	मोती	3
उपहार	उपहार	3
विकास	विकास	3
तो	,	3
पलक	प	3
करके	##ंदै	3
भोजन	खाऊ	3
अपना	##ौ	3
कोई	कुन	3
व्यापारी	व्यापारी	3
देखा	देख	3
युद्ध	युद्ध	3
यो	यो	3
उत्तर	उत्तर	3
।ा	।	3
जिम	जिम	3
धोने	धो	3
रहा	आ	3
हैं	##ै	3
खा	खाऊ	3
2020	2020	3
कपूर	कपूर	3
तुलसी	तुलसी	3
कान	का	3
यज्ञ	यज्ञ	3
गुलाम	गुलाम	3
जिंदगी	##िंदगी	3
को	,	3
मात	मात	3
पुस्तक	किताब	3
50	50	3
।राम	।	3
दु	दु	3
दाँत	दाँत	3
धो्ब	धो	3
परन्तु	पर	3
संस्कार	संस्कार	3
का	##ा	3
लिखा	लिख	3
जो	जोड	3
रो	रु	3
नरदा	नर	3
होकर	##ंदै	3
प	##़	3
राह	राह	3
धाम	धाम	3
कामकाज	कामकाज	3
देने	दि	3
ताल	ताल	3
दाखिल	दाखिल	3
मील	मील	3
36	36	3
बारा	बारा	3
माफी	माफी	3
मिनट	मि	3
दोष	दोष	3
थाने	थाने	3
।ल	।	3
अंग्रेजी	अंग्रेज़ी	3
धन	धन	3
ही	##ए	3
खुली	खुला	3
सांस्कृतिक	सांस्कृतिक	3
मोह	मोह	3
इलाके	इलाका	3
खोली	खोल	3
व्यापार	व्यापार	3
दो	दो	3
ा	-	3
विद्वान	विद्वान	3
क्र	क्र	3
शेर	शेर	3
तो	तो	3
5	5	3
चैट	चैट	3
नृत्य	नाच	3
इलेक्ट्रॉनिक	इलेक्ट्रॉनिक	3
प्रेमी	प्रेमी	3
दक्षिण	दक्षिण	3
अब	अब	3
बंगाल	बंगाल	3
के	##़	3
आजम	आज	3
सब	सब	3
दोस्ती	दोस्ती	3
लाई	लाई	3
खुशी	खुश	3
मोन	मो	3
रोड	रोड	3
पर्यावरण	पर्यावरण	3
राष्ट्रीय	राष्ट्रीय	3
गिरीश	गिरीश	3
’	”	3
पाल	पाल	3
बा	ब	3
मूल	मूल	3
लीक	लीक	3
पीठ	पीठ	3
बात	##ै	3
छठ	छठ	3
पंजाब	पंजाब	3
बंद	बंद	3
ठिक	ठिक	3
सभा	सभा	3
की	##ी	3
दल	दल	3
भात	भात	3
को	##़	3
मिला	मिला	3
था	##े	3
मास	मास	3
बीस	बीस	3
लाज	लाज	3
रक्षा	रक्षा	3
लहर	लहर	3
वर	व	3
पिछली	पिछली	3
मा	मा	3
दरबार	दरबार	3
मैन	मैन	3
मल	मल	3
सिर	सिर	3
भक्तू	भक्त	3
कर	।	3
रूपए	रुपया	3
60	60	3
ब्राह्मण	##्राम	3
बन	ब	3
अल्लाहत्ति	अल्लाह	3
आनंद	आनंद	3
लाइ	लाइ	3
स्वर्गीय	स्वर्गीय	3
अग्नि	आग	3
सुंदर	सुंदर	3
बुक	बुक	3
भा	भा	3
सूरत	सूरत	3
लेख	लेख	3
मिश्रा	मिश्रा	3
प्	प्	3
अपील	अपील	3
प्रोग्राम	प्रोग्राम	3
ऊन	ऊन	3
5	पांच	3
दे	दे	3
जिंदगी	##िन्	3
ने	##ऐ	3
है	##रो	3
मना	मना	3
री	:	3
कह	बोले	3
लाखों	लाखों	3
पल	पल	3
किलोमीटर	किलोमीटर	3
गांव	गांव	3
20	20	3
फैशन	फैशन	3
कुलिल	कुल	3
एयरपोर्ट	एयरपोर्ट	3
वीर	वीर	3
के	##ा	3
गुण	गुण	3
देखी	देखि	3
प	के	3
का	के	3
ऑनलाइन	ऑनलाइन	3
तो	##स	3
माह	माह	3
हिंदी	हिन्दी	3
आसाराम	आस	3
जमु	ज	3
ओनाधिक	ओह	3
और	और	3
सरोज	सरोज	3
सम्मान	सम्मान	3
योग	योग	3
34	34	3
मैं	मैं	3
मंच	मंच	3
क्लब	क्लब	3
घाटी	घाटी	3
दाल	दाल	3
हुए	##ह	3
भार	भार	3
‘	,	3
क	का	3
आँखें	आंख	3
तु	तु	3
किपा	कि	3
दाम	दाम	3
की	##नि	3
फल	फल	3
अफ	अफ	3
’	’	3
क्या	क्या	3
को	##ा	3
समय	बेला	3
नंबर	नंबर	3
अल	अल	3
नुकसान	नुकसान	3
वी	'	3
कुलु	कुल	3
जन्मदिन	जन्मदिन	3
बॉस	बॉस	3
वादा	वादा	3
जिंदगी	##दगी	3
पुराने	पुरानो	3
है	,	3
बातों्लु	बात	3
शाह	शाह	3
चोर	चोर	3
दैनिक	दैनिक	3
बस	बोस	3
अमृत	अमृत	3
दर	दर	3
पहचान	पहचान	3
हो	##ह	3
ईश्वर	परमेश्वर	3
हाय	हाई	3
अमेरिका	अमेरिका	3
पार्ट	पार्ट	3
गृह	गृह	3
खेल	खेले	3
पाक	पाक	3
फास्ट	फास्ट	3
एक	।	3
खेलना	खेल	3
लंदन	लंदन	3
शर्त	शर्त	3
कार्टून	कार्टून	3
काले	कालो	3
चली	##कि	3
न	##ई	3
ईसाई	ईसाई	3
लॉ	लॉ	3
रेट	रेट	3
अरे	##ह	3
सब्जी	सब्जी	3
यश	यश	3
गौरी	गौरी	3
अच्छा	ठिक	3
कॉफी	कॉफी	3
साझा	साझा	3
न	:	3
ले	ले	3
आवश्यकता	जरुरत	3
उधार	उधार	3
संभाल	संभाल	3
अन	अन	3
साहारूक	साह	3
अगस्त	अगस्त	3
प्यारा	प्यारा	3
व	वक्त	3
अक्षर	अक्षर	3
भला	भला	3
क्रांति	क्रांति	3
सभ्यता	सभ्यता	3
है	##र	3
दी	दे	3
हिमाचलरा	हिमाचल	3
स	से	3
बाजार	बजार	3
पंछी	पं	3
प्राण	प्राण	3
भाइ	भाई	3
चाँदी	चा	3
गए	बि	3
स्पेन	स्पेन	3
लिखित	लिख	2
मंत्र	मंत्र	2
शताब्दी	शताब्दी	2
महंगा	महंगा	2
अरे	ओह	2
80	80	2
बाकी	बा	2
में	##छ	2
अस्पताल	अस्पताल	2
डॉक्टर	डाक्टर	2
है	##सा	2
दिखाया	देखा	2
दार	,	2
नाम	नाम	2
प्री	प्री	2
हैं	आ	2
अचानक	अचानक	2
घ	घण्टा	2
े	-	2
आकार	आकार	2
परमेश्वर	परमेश्वर	2
आना	आ	2
टी	टिका	2
वाली	##ि	2
ली	ली	2
ना	,	2
मादर	म	2
खान	खाना	2
लेकिन	लेकिन	2
भी	##ै	2
पंक्ति	लाईन	2
े	,	2
गया	।	2
मम्मी	मम्मी	2
मुंबई	मुंबई	2
–	-	2
बोतल	बोतल	2
तीसरी	ति	2
रेशित	र	2
रेश	र	2
उदास	उदास	2
।श	।	2
के	##ै	2
हैं	##ु	2
मच	मच	2
वायरस	वायरस	2
की	##ाई	2
स्व	स्व	2
पसंदीदा	पसंदीदा	2
तुम्हारे	तु	2
रहा	##ु	2
इंजीनियर	इंजीनियर	2
इंजीनियरिंग	इंजीनियरिंग	2
है	##ए	2
मेरा	मै	2
सपना	सपना	2
जीवित	जि	2
बाइक	बाइक	2
मार	मारी	2
पायलट	पायलट	2
मकान	मकान	2
है	##ँ	2
शुक्र	शुक्र	2
उत्कृष्ट	उत्कृष्ट	2
रोशनी	रोशनी	2
कॉफी	##फी	2
नया	नौ	2
शी	!	2
अन्य	बाकी	2
फ्रेंच	फ्रेंच	2
का	##न	2
टेक	टेक	2
वेबसाइट	वेबसाइट	2
हवा	हवा	2
आसानी	आसानी	2
40	40	2
बास	बास	2
भीड़	भीड	2
कार्यक्रम	प्रोग्राम	2
डेटा	डाटा	2
ऐन	ऐन	2
आप	तुम	2
न	!	2
उदास	दुखी	2
उम्मीद	उम्मीद	2
क्रिकेट	क्रिकेट	2
कहकर	बोल	2
दरवाजा	द्वार	2
है	##ि	2
कसा	कसा	2
8	आठ	2
लगातार	लगातार	2
व्यायाम	व्यायाम	2
रक्त	खून	2
स्तर	स्तर	2
्था	,	2
पर्याप्त	काफी	2
कफ़ी	क	2
ठीकाौर	ठीक	2
हैं	##़	2
हमेशा	हमेशा	2
सूची	लिस्ट	2
से	##ि	2
गर्व	गर्व	2
कश्री	क	2
फाई	फ	2
।ी	।	2
2015	2015	2
हुई	##ि	2
अनिल	अनिल	2
मिस	मिस	2
तकनीक	तकनीक	2
इंटरनेट	इंटरनेट	2
कृषि	कृषि	2
दरवाजे	द्वार	2
ने	पु	2
कर	कर	2
स्वामी	मालिक	2
समय	समय	2
व्	व्	2
किंतु	पर	2
लिए	##ई	2
यमुना	यमुना	2
क	,	2
वाहन	वाहन	2
कार्तिक	कार्तिक	2
राज्य	राज्य	2
आश्चर्यचकित	हैरान	2
शिष्य	चे	2
गुरु	गुरू	2
गुणवत्ता	गुणवत्ता	2
सुधार	सुधार	2
खुशी	खुसी	2
दिशा	दिशा	2
घंटा	घंटा	2
दोनो	दुई	2
आते	आ	2
सहा	सहारा	2
दो	##या	2
निकले	निकले	2
दुकाने	दुकान	2
सौदा	सौदा	2
हो	##ँ	2
बताया	बोल	2
वाद	वादा	2
आली	आली	2
सीख	सीख	2
हो	##स	2
ऋषि	ऋषि	2
बिलकुल	बिल्कुल	2
विष्णु	विष्णु	2
पौराणिकदशी	पौराणिक	2
एवं	आ	2
राजदशीश्वघसू	राज	2
अय	अ	2
कादशी	##ंदै	2
देवउ	दे	2
प्रिनी	प्र	2
याबोध	या	2
पुरा	पुरा	2
करता	##दै	2
आप	##य	2
कहना	बोल	2
खुली	खुल	2
बातने	बात	2
खास	खास	2
स्वादिष्ट	स्वादिष्ट	2
तो	##ो	2
गाडी	गाडी	2
मगर	पर	2
प	##ि	2
निदेशक	निदेशक	2
साहित्यंग	साहित्य	2
साई	साई	2
भी	।	2
करते	##दै	2
ड़ा	,	2
फाइल	##ाईल	2
ने	##ई	2
नहीं	##ह	2
या	,	2
प	##ै	2
्म	-	2
एका	एक	2
सिम	सिम	2
सुदाम	सु	2
वंश	वंश	2
चल	चल	2
परमात्मा	परमात्मा	2
के	का	2
दर	द्वार	2
का	##यो	2
चाल्लो	चा	2
गली	गली	2
पचास	पचास	2
नोट	नोट	2
बोले	बोले	2
सुरेन्द्र	सुरेन्द्र	2
देना	दिन	2
वासेव	वास	2
सलाम	सलाम	2
13	13	2
रो	रोज	2
से	फिर	2
बोली	##ए	2
ख़	खास	2
से	##ए	2
समस्या	समस्या	2
हाथकर	हाथ	2
को	आ	2
जो	कुन	2
होते	##दै	2
फर	फर	2
फेल	फेल	2
ठेकेदार	ठेकेदार	2
बारी	बारी	2
ग	गा	2
गफ़	ग	2
गया	##ओ	2
परीक्षा	परीक्षा	2
सिफारिश	सिफारिश	2
को	##ै	2
रामी	राम	2
मा	म	2
ज़	,	2
जामन	ज	2
मन	,	2
वी	,	2
डाक	डाक	2
ही	##़	2
जोड़कर	जोड	2
।र	।	2
कह	बोलू	2
कर	##ई	2
21	21	2
जोड़	जोड	2
अ	औ	2
कर	##़	2
फैक्ट्री	फैक्ट्री	2
सजा	सजाय	2
प्रिंट	प्रिंट	2
प्रयोग	प्रयोग	2
खुले	खुली	2
47	47	2
चौथी	चौथी	2
करीब	करीब	2
ट	,	2
स्वाद	स्वाद	2
तो	##े	2
ने	##ए	2
ड	डे	2
तूफान	तूफान	2
का	काशी	2
ही	##़े	2
सन्	सन्	2
गुड	गुड	2
बात	कि	2
नेताओं	नेता	2
काटा	काट	2
पर	।	2
सवालों	सवाल	2
ं	,	2
बोलाी	बोल	2
साबित	साबित	2
हुआ	##ो	2
कर	,	2
बिहारी	बिहारी	2
पूछ	पु	2
मामा	मामा	2
ीला	,	2
₹	रुपया	2
प	-	2
सी	कुन	2
देख	देख	2
क्षमा	माफी	2
आजस्तेम	आज	2
बताएं	बोल	2
इंस्टाग्राम	इंस्टाग्राम	2
विश्वको	विश्वको	2
दुनियाश	दुनिया	2
विदेशी	विदेशी	2
सीडी	सीडी	2
सरस	सर	2
पदक	पदक	2
ट्रेनिंग	ट्रेनिंग	2
मैट	मैट	2
नस्तेम	न	2
लाइन	लाइन	2
सुनने	सुन	2
करें	माफ	2
कार्ड	कार्ड	2
निकू	निक	2
चुनावी	चुनावी	2
नेता	नेता	2
ग	,	2
इंच	इंच	2
सारी	सारी	2
150	150	2
की	##ु	2
हारू	हार	2
अन्न	अन्न	2
रहा	##न	2
रू	रू	2
शखा	श	2
भ	##सर	2
साधना	साधना	2
सौभाग्य	सौभाग्य	2
युवर	यु	2
अपने	##न	2
लव	लव	2
फेसबुक	फेसबुक	2
गई	##ती	2
बातचीत	बात	2
हिरो	हिरो	2
गई	।	2
होने	हुन	2
की	##स	2
शरण	शरण	2
वाद	वाद	2
कस	कस	2
पी	दुख	2
नोटिस	नोटिस	2
निगम	निगम	2
दांत	दाँत	2
तमा	त	2
की	##़	2
आचार्य	आचार्य	2
खात	खात	2
परम	प	2
अव	अव	2
अवानंद	अव	2
जी	##ै	2
नानक	ना	2
जीानंद	जी	2
वा	“	2
तीसरा	तीसरा	2
तो	##ौ	2
तारीफ	तारीफ	2
मुताबिक	मुताबिक	2
सुखी	सुखी	2
बु	ब	2
सिु	सि	2
निश्चय	फैसला	2
सी	स	2
पुण्य	पुण्य	2
सिद्ध	सिद्ध	2
परू	पर	2
बाय	बाय	2
खून	खून	2
पुहितरो	पु	2
की	##ो	2
बोलार	बोल	2
उसने	।	2
को	ल	2
अ	आठ	2
मीटिंग	मीटिंग	2
सांस	सांस	2
विरोधी	विरोधी	2
सेंट	सेंट	2
रही	##ि	2
अपनी	आप	2
ममता	ममता	2
सुादाम	सु	2
शे	“	2
ओहो	ओह	2
रा	रानी	2
मारने	मार	2
का	##ना	2
शिकार	शिकार	2
सवारी	सवारी	2
इलाज	इलाज	2
होते	##दा	2
खुशू	खुश	2
भगत	भक्त	2
मिरा	मि	2
करी	करी	2
खुदा	खुद	2
अल्लाहख	अल्लाह	2
बखा	ब	2
करा	कार	2
देखे	देख	2
हुई	##ह	2
बोलता	बोला	2
वृक्ष	बोट	2
चक्र	चक्र	2
पोस्ट	पोस्ट	2
लेखकों	लेखक	2
कुछ	कुछ	2
फरवरी	फरवरी	2
किशोर	किशोर	2
कुमारी	कुमारी	2
सैन	सैन	2
रूप	रूप	2
फुल	फुल	2
ु	,	2
विनोद	विनोद	2
चौहान	चौहान	2
राजी	राजी	2
विशाल	विशाल	2
हा	##ह	2
मुख्यमंत्री	मुख्यमंत्री	2
31	31	2
पांडे	पांडे	2
कांग	का	2
ठंडा	ठंडा	2
फांसी	फांसी	2
कहना	बोले	2
आजकल	आज	2
काड़ा	का	2
वाले	##ं	2
गैर	गैर	2
और	##ह	2
वाले	##ा	2
आना	आई	2
भी	##ई	2
अमिताभ	अमिताभ	2
म	-	2
की	##ऐ	2
आंख	आंख	2
ू	:	2
मकर	मकर	2
मुझे	मेरो	2
भगवान	भगवान	2
हो	##ि	2
मंदिरों	मंदिर	2
कन्या	कन्या	2
दश	दश	2
झील	झील	2
प्ले	प्	2
यूनिवर्सिटी	यूनिवर्सिटी	2
आलू	आलू	2
स्वास्थ्य	स्वास्थ्य	2
ग़	ग़	2
जीर्थी	जी	2
और	।	2
मातांग	माता	2
लामा	लामा	2
टिकट	टिकट	2
सुनी	सुनी	2
प्रेसिड	प्रेस	2
संरक्षक	संरक्षक	2
एवं	एवं	2
डायरेक्टर	डायरेक्टर	2
उद्घाटन	उद्घाटन	2
समारोह	समारोह	2
मीडिया	मीडिया	2
हिम	हि	2
रुप	रुप	2
आतंकी	आतंकी	2
माँु	आमा	2
माँोड	आमा	2
से	##ं	2
का	##रो	2
सीरियल	सीरियल	2
देखी	देखी	2
सम्मेलन	सम्मेलन	2
सीधे	सीधा	2
क्या	##ह	2
मित	-	2
जीभ	जीभ	2
्रोमित	?	2
स्रोमित	स	2
सिी	सि	2
ंग	-	2
व्हाएट्स	व्हा	2
गैस	गैस	2
समाजसेवी	समाजसेवी	2
संस्था	संस्था	2
ओी	ओ	2
विक्रम	विक्रम	2
सकल	सकल	2
वर्मा	वर्मा	2
पवन	पवन	2
मनोज	मनोज	2
अतिथि	##हम	2
मथुरा	मथुरा	2
संसद	संसद	2
दूर	दु	2
बोर्ड	बोर्ड	2
जाएगी	।	2
म	##काल	2
बॉलीवुड	बॉलीवुड	2
डिरेशनप्	डि	2
गांधीराम	गांधी	2
का	##़ा	2
कोई	आसान	2
बड	ब	2
हिमाचलुल	हिमाचल	2
बुल	-	2
एनीु	ए	2
आजादी	##़ा	2
गयी	।	2
सेनार	सेना	2
चीनीॉर्ड	चीनी	2
राजकीय	राजकीय	2
अलर्ट	अलर्ट	2
अंतर्राष्ट्रीय	अंतर्राष्ट्रीय	2
ग्रहण	ग्रहण	2
सूर्य	सूर्य	2
मैंोर	मैं	2
वसंत	वसंत	2
भर्ती	भर्ती	2
ऑपरेशनस्	ऑपरेशन	2
कॉमपिटलत	कॉम	2
करवाया	##ह	2
फ्लाई	फ	2
दिल्ली्लू	दिल्ली	2
टि	टिका	2
मॉलगलोर	मॉल	2
सिटीटर	सिटी	2
पण0म्बर	पण	2
अरब	अरब	2
यूपी	यूपी	2
हजारों	हजारों	2
कोर	कोरोना	2
रामदेव	रामदेव	2
शुरु	शुरु	2
गयाूट	##िस	2
सीजन्र	सीज़न	2
कुलज़ैंोा	कुल	2
बि्बे	बि	2
किलोब	किलो	2
बिहार00	बिहार	2
को	##या	2
डीजल	डीजल	2
थाों	थियो	2
पंप	पंप	2
कुमारथर	कुमार	2
लाई्लू	लाई	2
पहाड़ी्डेज	पहाड़ी	2
केव्	के	2
च्ल	च	2
भाषाु	भाषा	2
ऑफिड	ऑफ	2
चैनलैप	चैनल	2
ेंट	.	2
प्रेश	प्र	2
हिमाचलज़	हिमाचल	2
ग्टरवी	ग	2
िल	.	2
आरंभ	शुरु	2
क्षेत्रीय	क्षेत्रीय	2
हिमाचली	हिमाचल	2
साहित्यकारुद	साहित्यकार	2
गिलरश्थर	ग	2
दीपकरु्ड	दीपक	2
संगम्ुमति	संगम	2
साहित्यिकज़	साहित्यिक	2
प्रति	प्रति	2
संस्थापक	संस्थापक	2
विद्रोहज़	विद्रोह	2
ऑदेव	ऑ	2
था्थरिली	थियो	2
परैन	पर	2
घाटा	नुकसान	2
कागा	##से	2
सुशांत	सु	2
गरेैंग	ग	2
दानव	दान	2
शिवव	शिव	2
उत्ंड	##पात	2
शंकर	शंकर	2
लीला	लीला	2
प्रसाद	प्रसाद	2
।न	।	2
दिवालीते	दिवाली	2
है	##ऐ	2
ब	##छ	2
जनसंख्या	आबादी	2
बादलट	बादल	2
पहाड़ी	पहा	2
काँगड़ी	का	2
आ	आने	2
बब	बाग	2
सोेसी	सो	2
कुल्जाबिन	कु	2
भारेसी	भार	2
निकला	।	2
मेंंब	के	2
हाथ्जा	हाथ	2
हारनक	हार	2
हो	##िस	2
उदासिया	उदास	2
सोनक	सो	2
अर्जुने	अर्जुन	2
युवराज	युवराज	2
सोपन	सो	2
निकलेसी	निकल	2
अर्जुनं	अर्जुन	2
राजापकोजर	राजा	2
सेनानुसारपति	सेना	2
केजर	के	2
बपकोलित	ब	2
।कोटप	।	2
से	##िये	2
वहौ	ते	2
देिना	दे	2
मातां	आमा	2
देखकर	पा	2
बुरा	बुरी	2
लोहार	लो	2
भदाहारसेन	भ	2
।सेन	।	2
संगजर	संग	2
भारी	भारी	2
आरम्भसेन	शुरु	2
द्र	द	2
नपदी	न	2
निगरानीौ	निगरानी	2
सहकुल	सह	2
देव	,	2
अर्जुनको	अर्जुन	2
राजाेसीनक	राज	2
इतिहासँडनक	इतिहास	2
के	दु	2
एकवों	एक	2
जामड़	जाम	2
प्रेमर	प्रेम	2
शीमश	शी	2
बातपा	बात	2
हीुन	आफु	2
रामर	राम	2
किर	कि	2
कुमारपा	कुमार	2
मद्दुक	म	2
वालीाईल	।	2
खोलााईल	खोल	2
न्यायशधी	न्याय	2
पेुन	बोट	2
में्रतान	के	2
शासन	राज	2
अंगन्दोस्	अंग	2
का	या	2
कुमारर	कुमार	2
प्रेमुन	प्रेम	2
जामपार	जाम	2
बताने	बोल	2
फिरट	##बार	2
दिल	देन	2
प्रार्थनादेह	प्रार्थना	2
पत्र	पत्र	2
किुनपार	कि	2
प्रेमुक	प्रेम	2
आजमा	आज	2
बशधी	##ु	2
अनुसूचित	अनुसूचित	2
समितिों	समिती	2
चुनावों	चुनाव	2
पोस्टर	पोस्टर	2
भाग	हिस्सा	2
प्रारम्भ	शुरु	2
अंग्रेजोंीलस	अंग्रेज़ी	2
कमभि	कम	2
पश्चात	##छ	2
आएढ़	आ	2
पुनः	##बार	2
ट	का	2
सिंगू	सि	2
परंचे	पर	2
पंचघ्डिया	पंच	2
फी	फी	2
एकने	एक	2
समिति	समिति	2
आगे	##छ	2
बारये	बार	2
महण्डलू	म	2
सी्ण	सी	2
सीनेह	सी	2
युवकू	युवक	2
मण्डल	म	2
ठीकये	ठीक	2
काु	।	2
किरपू	कि	2
उसने	##िये	2
आजकलर	आज	2
सीो	सी	2
नाकाबन्दी्ड्न	नाकाबन्दी	2
कार्यकर्ताओं	कार्यकर्ता	2
नाकाबन्दी	नाकाबन्दी	2
सीूहन	सी	2
सिनेमा	फिल्म	2
बननामिया	।	2
कार्यकर्ता्नू	कार्यकर्ता	2
वोटशाला	वोट	2
सीचि	सी	2
प्रतियोगिता	मुकाबला	2
वोटे	वोट	2
जिनभिबाद	जिन	2
वोटयाु	वोट	2
नाच्न	नाच	2
ढोलू	ढोल	2
सीमा	सी	2
ढका	ढ	2
तीन्न	त्	2
पंचो	पंच	2
लू	!	2
चो	च	2
महातरलो	महा	2
बुद्धि	बुद्धि	2
आने	आ	2
तुमदारों	##स	2
पत्र	अखबार	2
काो	।	2
वहये	थियो	2
ज्	ज्	2
संस्कृत	संस्कृत	2
कोट	कोट	2
सेकंड	सेकंड	2
डि	डि	2
49	49	2
नंबर	नम्बर	2
जर्नल	जर्नल	2
एसोसिएशन	एसोसिएशन	2
राइट	राइट	2
साहित्यज़	साहित्य	2
मेकअप	मेकअप	2
पंख	पंख	2
दर्द	दर्द	2
मिल	मिल	2
खुली	खुली	2
कुल्लवी	कुल	2
कि	##ह	2
पत्रिका	पत्रिका	2
फिल्मी	फिल्मी	2
थेफा	थियो	2
खो	खो	2
सुूंक	सु	2
संगम	संगम	2
के	##र	2
पूर्ण	पूर्ण	2
जग	जग	2
कल्पना	कल्पना	2
सुभाष	सुभाष	2
योगेश	योगेश	2
1	एक	2
गल	ग	2
ओम	ओम	2
धुन	धुन	2
रातो	रातो	2
रात	रात	2
प्रशासन	प्रशासन	2
कट	काट	2
जनत्न	जन	2
आंखों	आंख	2
दया	दया	2
बूट	बूट	2
जन	जन	2
आलू	##लु	2
छ	आ	2
केस	केस	2
सुर	सु	2
हमसे	आम	2
वर्ल्ड	वर्ल्ड	2
कप	कप	2
टि	टि	2
नृत्य	नृत्य	2
मात	आमा	2
को	##े	2
कार्यालय	कार्यालय	2
वेतन	वेतन	2
प्रसन्न	##ुस	2
किस	कि	2
शेष	बाकी	2
पनको	प	2
रेलड़ीगा	रेल	2
ने	##िये	2
मात	माता	2
गहरी	गहरा	2
आकाश	आसमान	2
सेवक	सेवक	2
दर्शन	दर्शन	2
कृष्णन्	कृष्ण	2
आँखें	##ँ	2
स्वच्छ	साफ	2
बात	##े	2
प्रबंधक	प्रबंधक	2
रेस्तरां	रेस्तरां	2
गिरफ्तार	गिरफ्तार	2
कठिन	कठिन	2
ट्रैक	ट्रैक	2
यह	##रो	2
वर्तमान	वर्तमान	2
जीव	जीव	2
ire	ire	2
जापानी	जापानी	2
मांस	मांस	2
बैंकेलर	बैंक	2
बिक्री	बिक्री	2
रॉक	रॉक	2
चगो	च	2
फूड	फूड	2
तो	ते	2
वेब	वेब	2
जापान	जापान	2
मेक्सिको	मेक्सिको	2
ऋण	ऋण	2
बी	,	2
पॉप	पॉप	2
डिजाइन	डिजाइन	2
सोशल	सोशल	2
mc	mc	2
फिल्मों	फिल्म	2
माइकजिक	माइक	2
क्लासिक	क्लासिक	2
जाने	जाने	2
।मन	।	2
पृष्ठभूमि	पृष्ठभूमि	2
यूरोप	यूरोप	2
योग्य	##बिल	2
।	,	2
सफाई	सफाई	2
न्यू	न्यू	2
पिज	प	2
नर्स	नर्स	2
कक्षा	क्लास	2
हेयरई	हेयर	2
हिंदुस्तान	हिंदुस्तान	2
खाता	खा	2
कल्याण	कल्याण	2
दुकानों	दुकान	2
होटल	होटल	2
स्थिति	स्थिति	2
सह	सह	2
हैं	##न	2
मुस्लिम	मुस्लिम	2
चुन	चुन	2
राजनीति	राजन	2
मीठ	मि	2
्टी	:	2
शिल्प	शिल्प	2
स्टोर	स्टोर	2
फिल्म	फिल्म	2
माइकल	माइकल	2
बरसात	बरसात	2
बोलत	बोल	2
आए	आई	2
प्रवेश	प्रवेश	2
कहते	बोले	2
स्वयं	स्वयं	2
ने	##ुम	2
दु	दुखी	2
प्रतिभा	प्रतिभा	2
सभ्य	सभ्य	2
नारी	नारी	2
ईश्वर	ईश्वर	2
थी	##िय	2
जिंदगी	जिंदगी	2
शुरुआत	शुरुआत	2
रोल	रोल	2
जीवन	जीवन	2
लो	,	2
नेट	नेट	2
फिल्में	फिल्म	2
टर	टर	2
मजेदार	मजेदार	2
सही	ठिक	2
यात्रा	सफर	2
है	ठिक	2
घंटे	घण्टा	2
ww	ww	2
खासकर	खासकर	2
ii	,	2
समाधान	समाधान	2
स्वागत	स्वागत	2
परवाह	परवाह	2
पन	प	2
जॉन	जान	2
पढ़ाई	पढाई	2
ट्रैफिक	ट्रैफिक	2
उसका	तिन	2
सौंकी	सौ	2
को	ला	2
खुले	खुल	2
रोक	रोका	2
राजू	राजु	2
अ	आम	2
जडाौं	ज	2
ऊ	ऊ	2
अपनी	##रो	2
सुना	सुना	2
आज	आजादी	2
मुखिया	मुखिया	2
रोग	रोग	2
छाया	छाया	2
कमा	कमा	2
जानेजात	##न	2
कृष्ण	कृष्ण	2
उद्धार	उद्धार	2
देखे	देखो	2
दीवाली	दी	2
दिखा	देखा	2
खोल	खोला	2
लो	##ो	2
जान	जान	2
शीतल	ठंडा	2
पढ़ा	सिख	2
दुरला	दु	2
के	आ	2
जीवन	जि	2
ना	नारा	2
सूची	सूची	2
माला	माला	2
न	##ह	2
जिन्दगी	जिन्दगी	2
संत	संत	2
डॉक्टरार	डाक्टर	2
छंद	छंद	2
जोड़	जोडा	2
कृषक	किसान	2
नष्ट	नाश	2
नियम	नियम	2
प्रांत	प्रांत	2
नार	ना	2
खाते	खाए	2
राव	राव	2
बिन	बिन	2
चला	चाल	2
भरमा	भरमा	2
जाने	जान	2
वह	##ह	2
लंबी	लांब	2
सयुरेत	स	2
सवार	सवार	2
आजर	आज	2
के	##रो	2
ख	फुल	2
आजग	आज	2
कमाई	कमाई	2
दम	दम	2
धरा	ध	2
हरे	हरा	2
भरे	भरा	2
है	##ी	2
चे	चे	2
था	##ई	2
भरे	हरा	2
टमाटर	टमाटर	2
डिस्क	डिस्क	2
उड़ान	उडान	2
है	बुरा	2
जहाज	जहाज	2
का	##डी	2
iphone	iphone	2
लीग	लीग	2
अस्तित्वी	अस्तित्व	1
भाषाी	भाषा	1
920	920	1
पीढ़ी	पीढ़ी	1
केगी	।	1
दर	का	1
।ीती	।	1
नाथिला	नाथ	1
ंजरलेख	,	1
सबूत्प	सबूत	1
शपट	श	1
संट	सं	1
मगरी	पर	1
राजाों	राजा	1
राड़	र	1
लेखन	लिख	1
कि्षनाथ	कि	1
आएम्बा	आ	1
थे	##सा	1
गुरूरक	गुरू	1
बातवीं	बात	1
ज्वाला	ज्	1
श्रीपीठ	श्री	1
51वाला	51	1
ज्पीठ	ज्	1
हिमाचलाल	हिमाचल	1
मारई	मार	1
पिछले	पिछले	1
एकदम	ठीक	1
दिखाई	देखि	1
क्यों	क्यू	1
ही	##स	1
बैटरी	बैटरी	1
जाता	##द	1
पढ़ाई	पढ़ाई	1
भाईशिया	भाई	1
सारी	सार	1
जांच	जाँच	1
पक्कादार	पक्का	1
बेल	बेल	1
मैंने	##ो	1
आईी	आई	1
ण्डगढ़	.	1
वजह	वजह	1
हैगी	##स	1
लगभगश	लगभग	1
।हो	।	1
बाएं	बाय	1
है	या	1
सर्वप	सर्व	1
स्ी	,	1
हिम्मत	हिम्मत	1
च	##ई	1
फतूालह	फ	1
तोना	ता	1
के	बिन	1
देकर	दी	1
जोर	##ोर	1
की	##ै	1
होना	हु	1
देने	देन	1
खतरे	खतरा	1
अपना	आप	1
त	,	1
देना	##ना	1
दान	दांत	1
चाचीद्दरम्बर	चा	1
िन	!	1
ोंेरे	,	1
अनुमान	अनुमान	1
जीवनसल	##िंदगी	1
अनुभव	अनुभव	1
विवाहाज्य	शादी	1
माह	महिना	1
के	र	1
डेढ़	डेढ़	1
परवाह	पर	1
बेपर	बे	1
ढ़ा	,	1
बोलीती	बोल	1
ताकत	ताकत	1
के	साथ	1
प्रधानहि	प्रधान	1
शर्तों	शर्त	1
जामगी	जाम	1
की	##ुन	1
सेुन	का	1
उुन	उ	1
पड़े	##ंदै	1
6े	6	1
बाी	बा	1
हुएड़ी	##ँदा	1
ख	(	1
काले	काले	1
के	##ाए	1
मुहूर्तँग	मुहूर्त	1
हुआ	##ौ	1
ुआ	)	1
करवा	##ई	1
ंड	(	1
।़ी	।	1
वाली	##ंदै	1
डेढ	डेढ	1
दिखाईे	देख	1
भ	धो	1
गत्	ग	1
दूरतर	दूर	1
पहत्	प	1
च	-	1
कहता	बोल	1
।ढफल	।	1
टक	)	1
र	!	1
खाच	खा	1
खाईि	खाई	1
में	##री	1
बीमारी	बिमा	1
कियाह	##यो	1
करो	##ा	1
टी	टीका	1
रक्षा्धनबन	रक्षा	1
श्राद्ध	श्राद्ध	1
पंडि	प	1
करो	##क	1
विल	##ि	1
गर्मी	गर्मी	1
कलु	कल	1
जगात	उ	1
सौें	सौ	1
रूवाद	रुपया	1
चिकित्सक	चिकित्सक	1
चिकित्सा	चिकित्सा	1
चक्करलयकर	##छ	1
लग	ला	1
मकाल	म	1
टीए	टिका	1
ए	,	1
परू	काम	1
खाबल	खा	1
तुमठी	तु	1
कालूू	काल	1
हूँ	।	1
नि	-	1
है	ता	1
चलोसन	चलो	1
आप	##ि	1
आयो	आ	1
मौत्दबु	मौत	1
जी	##ि	1
बाजारुबल	##ज़ार	1
नये	नौ	1
शू	श	1
ंभ	,	1
नाचकडमा	नाच	1
होतीना	##ई	1
आूबल	आए	1
फिराहा	फिर	1
मशीनेंोम्रिक	मशीन	1
बायिट	बाय	1
गहरी	गहराई	1
ई	,	1
स्टीकू	स्	1
सुनीलीया	सुनील	1
पड़ता	##ने	1
गया	##ब	1
रद्द	रद्द	1
श्रीनगर	श्रीनगर	1
दुकानीु्क	दुकान	1
थे	।	1
हाथीलक	हाथी	1
दूसरी	दुसरी	1
पीिंक	प	1
अपनी	##ौ	1
पापा	पापा	1
रेलड़ीगा	रेल	1
बोतलबत	बोतल	1
प्यारित	प्यार	1
।गो	।	1
रहीित	।	1
कोेश	।	1
खुशीित	खुशी	1
दुखर	दुख	1
लग	##ाउ	1
को	##दा	1
मालिश	मालिश	1
हो	बधाई	1
होली	होली	1
आजहम	आज	1
में	##तेत	1
धोनेल	धो	1
और	##ि	1
मौसमत	मौसम	1
आप	आप	1
हैं	##रै	1
हरा	हरा	1
विश्वविद्यालय	विश्वविद्यालय	1
गारिट	ग	1
आपके	तु	1
नेट्लफ	नेट	1
मौज	म	1
अवसरोंिया	मौका	1
वीन	?	1
जो	##ु	1
कैशियर	कैश	1
के	बात	1
।्टहार	।	1
जॉब	काम	1
अकाउंटिंग	अकाउंट	1
एकम्प	एक	1
जेी	जे	1
पीबी	,	1
था	था	1
एशियाई	एशियाई	1
भोजन	खा	1
ह	,	1
मेरेिज	मै	1
नपे़ा	नावे	1
पंस	प	1
।्ज	।	1
दोवार	दुई	1
से	तौर	1
रूप	खास	1
हैप	है	1
महीनों	महीना	1
आया	##ौज	1
कि	##स	1
िज	!	1
इटली	इटली	1
हाहा	हा	1
शामिला	शामिल	1
दिमागइन	दिमाग	1
परियोजना	परियोजना	1
बिट	बिट	1
बिटइन	बिट	1
निवेश	निवेश	1
गए	म	1
ओहबोर्ड	ओह	1
याकेट	या	1
कारों	कार	1
वाले	##ै	1
एयरलाइन	एयर	1
मेंक	ह	1
हूं	##़ा	1
होो	स	1
परिकार	परि	1
ष्ह	,	1
मजेदार	##ज़	1
तीनाक	त	1
शौकैर	शौक	1
सागर	समुद्र	1
समुद्र	समुद्र	1
मैनिक	मै	1
है	##िया	1
जीवे	जीव	1
मीठ	मीठ	1
कामस्तेम	काम	1
।उ	।	1
शांतट	शांत	1
ट	टा	1
सजावट	सजावट	1
77	77	1
58	58	1
हैं	##ब	1
59	59	1
पत्रकारियर	पत्रकार	1
जे	,	1
कैश	कैश	1
शनिवार	शनिवार	1
साउथ	साउथ	1
आपको	##स	1
मिंग	मि	1
आपकोवानी	तुम	1
कोई	##ँ	1
अक्सर	अक्सर	1
प्रमोशन	प्रमोशन	1
एल्बम	एल्बम	1
शादीस्तेम	शादी	1
फैंस	फैंस	1
मगेटीपे	!	1
रस	,	1
हूँइल	आ	1
माी	मा	1
आपको	##सा	1
पिजफैंड	प	1
सविच	स	1
प्जािज	प	1
कारेरा	कार	1
फरी	फ	1
कसरत	कसरत	1
करना	।	1
वर्क़	वर्क	1
स्पेनिश	स्पेन	1
लिखना	लिखना	1
स्कूलड	स्कूल	1
कलािल	कला	1
ले	म	1
यूॉर्ननिक	यू	1
बेकारयिक	बेकार	1
विकल्प	चुनाव	1
bum	बम	1
किैप	,	1
सिस्टमिंग	सिस्टम	1
पर्सनल	पर्सनल	1
।वस्ते	।	1
डेम	डे	1
उर्फ	उर्फ	1
आपने	##ौ	1
शेयर	शेयर	1
हैैर	##ै	1
अमेरिकी	अमेरिकी	1
ब	##गी	1
70क	70	1
ताजा्या	ताज	1
दिन	डे	1
18	18	1
हूं	##ु	1
समयत्तों	टाइम	1
पे	पे	1
से	##ी	1
प्याररी	प्यार	1
कोर्स	कोर्स	1
बेकिंग	बेकिंग	1
स्वर्ण	स्वर्ण	1
अरे	ओ	1
्रेकेन	,	1
देने	दिन	1
लिए	##ाई	1
कैंड्रे	कै	1
मिमी	मिमी	1
सेटिंग	सेटिंग	1
प्रथा्क	प्रथा	1
स्टार	स्टार	1
याक्सब	या	1
नई	नौ	1
स्टारक्स	स्टार	1
संघर्ष	संघर्ष	1
कंपनीक्स	कंपनी	1
ग्राहकों	ग्राहक	1
आसानंड	आसान	1
।्रे	।	1
यह	##ग	1
क्स	का	1
नवंबर	नवम्बर	1
योजनाबोर्ड	योजना	1
एकिंग	एक	1
बोर्ड	,	1
नोिंग	?	1
्ट	:	1
बना	##ई	1
।िस	।	1
में	##ई	1
बिगयर	बिग	1
।्रिप	।	1
हो	ठीक	1
अपडेट	अपडेट	1
की	##ौ	1
करें	##ु	1
्रेंड	,	1
।ंड्रे	।	1
रात्रि	राति	1
चीजों	सामान	1
सीताक्री	सीता	1
मइस	:	1
आश्चर्य	हैरान	1
एक	##ी	1
संकेत	इशारा	1
कप्तान	कप्तान	1
रही	##स	1
आजत्ता	आज	1
गया	##थि	1
यो	,	1
कार	गा	1
आपनेन	##ौ	1
़	?	1
हो	लेट	1
सीरीज	सीरीज	1
नारद	ना	1
।ने	।	1
सारद	सा	1
साठ	सा	1
दोधु	दुई	1
ों	!	1
ड़	"	1
बोलेठकर	बोल	1
अलावा	सि	1
झोपड़ी	झोप	1
दुध	दूध	1
ड़	?	1
प्रभु	प्रभू	1
र्कला	:	1
क्ाौर	क्	1
क््कलर	क्	1
साइन	साइन	1
निकोौर	निको	1
।ाल्सन	।	1
आजलार्क	आज	1
फिरौर	फिर	1
मेरेाौर	मै	1
टैबलेट	गोली	1
एकाौर	एक	1
रक्तचाप	रक्तचाप	1
तापमान	तापमान	1
।ाौर	।	1
देख	देखा	1
चलाया	##ह	1
ँस	:	1
आहार	खाऊ	1
लेकिनौर	पर	1
पाउंड	किलो	1
।्ट्र	।	1
ललेसाॉलौर	ल	1
परिणाम	परिणाम	1
मरान	म	1
आजाौर	आज	1
केवर	साथ	1
होम्क	होम	1
सामानरान	सामान	1
किाौर	कि	1
के्था	##ब	1
किाौर	।	1
और्था	आ	1
मारनै	मार	1
चिप	चिप	1
आपज़	तु	1
सही	ठीक	1
लिशाौर	ल	1
ैल	:	1
स्म	स	1
नाौर्ट़िल	,	1
मारसाले	मार	1
ाौर	,	1
गो्था	गो	1
सेौर	।	1
रीक्म	:	1
लाौरइस	ल	1
म	:	1
आइस	आ	1
मारक्	मार	1
दोम	दुई	1
एकइस	एक	1
आक्लाइसरी	आ	1
चेरीम	चे	1
ठीकमइसरी	ठीक	1
।क्	।	1
्री	:	1
पेस्ट	पेस्ट	1
बाजारौर	##ज़ार	1
चा	,	1
लौर्थाा	ल	1
देखभाल	ख्याल	1
कृपयााौर	कृपया	1
आपने	देखे	1
बिलकुल	बिलकुल	1
आक्	आ	1
म	!	1
औरइस	आ	1
एकरी	एक	1
ओ	,	1
कुंड	कु	1
रानीली	रानी	1
निक	!	1
पिक	पिक	1
रोज़	रोज	1
गार्डन	गार्डन	1
पूरी	फुल	1
में	?	1
बनवा	बनाया	1
सेट	सेट	1
ौल	:	1
71	71	1
कीमत	कीमत	1
हैंश्री	##स	1
धन्यवादडम	शुक्र	1
न	##म	1
।स्ते	।	1
अनुवाद	अनुवाद	1
भारतीय	इंडिया	1
द्वारा	##ि	1
शुरुआत	शुरु	1
प्रेमइजी	प्रेम	1
अंबानीम	अंबानी	1
ीरस्त्र	,	1
अध्यक्षता	अध्यक्षता	1
तकनीकी	तकनीकी	1
सूचना	सूचना	1
मंत्रालय	मंत्रालय	1
इसकी	आ	1
इलेक्ट्रॉनिक	इ	1
डिजिटल	डिजिटल	1
लक्ष्य	लक्ष्य	1
सुविधाओं	सुविधा	1
अवसरों	मौका	1
को	##ढा	1
कैरियर	कैरियर	1
जागरूकता	जाग	1
अभियान	अभियान	1
रहे	।	1
महत्व	##हत्	1
क्षेत्र	इलाका	1
थार	थे	1
मखीकडे	मा	1
पर	##के	1
से	क	1
चठ	##यो	1
शिकारिंग	शिकार	1
क्या	क	1
ंट	!	1
फायदा	फाइदा	1
आखिरटक	आखिर	1
सेवा	?	1
वीर	”	1
स्वर्णूर	स्वर्ण	1
करटक	कर	1
कहलक	बोल	1
यहिंग	##ोस	1
कहँ	बोल	1
।ाप	।	1
यह	##रना	1
याद्र	याद	1
होतेंस	##क	1
ने	##टक	1
सावधान	सावधान	1
रहना	##के	1
अनुमति	अनुमति	1
करकेकिंगटक	##ंदै	1
प्र	##ि	1
सुरक्षा	सुरक्षा	1
देखयूह	देखो	1
ध्वनि	ध्वनि	1
अथवा	या	1
ढोल	ढोल	1
नेलकिंग	पु	1
कहिंग	बोल	1
तो	##ि	1
राजलक	,	1
ऐसा	##ि	1
अवसर	मौका	1
अपनींत	##नि	1
हींतलक	।	1
पीने	प	1
जना	?	1
गर्क	गर्	1
सी	##ि	1
व्यापारी	व्यापार	1
वरमानल	वर	1
बहुत	##ल	1
दल	द	1
को	##ल	1
क्या	##द	1
हैक	ठीक	1
नमस्कारिंग	##स्ते	1
अपनालकिंगक	##यौं	1
दमनक	दमन	1
साजीँ	सा	1
मोय	मो	1
खानाेपर	खाना	1
मारकर	मारी	1
करलक	कौर	1
मित्र	दोस्ती	1
क	‘	1
अरेलकिंग	अरे	1
संजीविंग	संजीव	1
ने	##क	1
भई	भाई	1
थी	##्ति	1
प्रसन्न	खुशी	1
बात	एक	1
।हार	।	1
हो	##र	1
अधिकारीभित	अधिकारी	1
विद्यालय	विद्यालय	1
सेनाक	सेना	1
सिंदर	सि	1
राज्यों	राज्य	1
हुआगान	##ै	1
अफु	अफ	1
मात्रांध	मात्रा	1
तस्वी	त	1
आश्रमप	आश्रम	1
संपूर्ण	पुरी	1
सिस्वी	सि	1
बातोंप	बात	1
करनांदर	##डा	1
कार्युत	काम	1
भावना	भावना	1
विश्वंध	दुनिया	1
की	दुख	1
से	##़	1
गयांदर	।	1
बातक	बोल	1
सामनारस	सामना	1
सैनिकोंण	सैनिक	1
सिक्य	सि	1
पोगु	पो	1
चंद्रकद्धाप्त	चंद्र	1
वहय	##ौ	1
शाहीधु	शाही	1
विश्राम	आराम	1
म	##म	1
हैंधु	##ै	1
वि	बि	1
प्रश्नों	सवाल	1
15ांत	15	1
दूरिए	दूर	1
आधा	आधा	1
मुझेकोाम	दि	1
करिल	##करा	1
भाईश	भाई	1
किनारे	किनारा	1
तश	त	1
पर	##ा	1
बोलो	बोल	1
अंग	अंग्रेज़ी	1
उत्तरखण्ड	उत्तर	1
मैं	##ु	1
नेहा	नेहा	1
रु	रुपया	1
500	500	1
कम्पनी	कम्पनी	1
2009	2009	1
अशगा	अ	1
घंटेयां	घंटा	1
कम्प्यूटर	कम्प्यूटर	1
को	क	1
बाइक	बाई	1
सोनाली	सोना	1
हालाँकि	हालाँकि	1
था	आ	1
चँस	च	1
दिला	दिला	1
कहती	बोल	1
मोबत्ती	मो	1
दोम	##औ	1
लिख	लिख	1
जा	##ौ	1
मुद्दे	मुद्दा	1
लो	।	1
देहरादून	देहरादून	1
आका	आ	1
को	का	1
भाईके	भाई	1
बा	बाढ़	1
देरी	देरी	1
प्रतीक्षा	प्रतीक्षा	1
एकशानऊस	एक	1
ध्यानो	ध्यान	1
नियमों	नियम	1
खेती	खेती	1
होती	।	1
झ	##ंडा	1
मोड़	मोड	1
करा	##ंदै	1
रजत	रजत	1
आजिन्	आज	1
ताकि	ताकि	1
प्रारंभ	शुरु	1
है	##द	1
कार्यलि	काम	1
व्रतदशीक्ष	व्रत	1
खाए	खा	1
एकानी	एका	1
तुलसीग्राम	तुलसी	1
दिनाली	दिन	1
अ	का	1
मृत्यु	मौत	1
पूजाग्रामाली	पूजा	1
जाुदः	जा	1
भेवाप	भ	1
सेग	का	1
यम	“	1
लाभ	फाइदा	1
ॐ	ॐ	1
नवते	न	1
वासमो	वास	1
light	लाई	1
चुट	च	1
से	##ीय	1
हैं	##ई	1
रही	?	1
चालीस	चाल	1
आपका	तु	1
विमान	जहाज	1
वालीने	##ई	1
वाली	##ई	1
बात	##ह	1
होने	##ई	1
वाली	##ै	1
english	अंग्रेज़ी	1
है	##ब	1
शादीश	शादी	1
मानवत	मानव	1
दिनेश	दिनेश	1
समो	स	1
आ	म	1
कुछफ	कुछ	1
जाए	##ं	1
9	9	1
आिस	औ	1
खा	खान	1
खानेसाल	खा	1
अंक	अंक	1
पमो	पो	1
रहाता	##न	1
लेखन	लिखना	1
गौतमड़ा	गौतम	1
कुमारीला	कुमारी	1
दी	दिन	1
किताबशालाियलीर	किताब	1
प्रिंटिंगंप	प्रिंटिंग	1
धर्म	पत्नी	1
विमला	वि	1
साहित्यिकड़	साहित्यिक	1
हैंरपुर	##दै	1
स्टेज	स्टेज	1
साथहत	साथ	1
मस्तिष्क	दिमाग	1
वाले	-	1
72	72	1
73	73	1
मैंने	##ै	1
ट	फिर	1
ई	!	1
हैं	##य	1
जी	“	1
िए	,	1
ग्राम	ग्राम	1
बड़ी	ब	1
नाई	ना	1
लग्न	शादी	1
्बल	(	1
लाधा	ला	1
आमौ	आम	1
बादले	##छ	1
आमता	आम	1
अरेधाौा	अरे	1
बोलीौ	बोल	1
देते	दिया	1
धा	-	1
राम	,	1
कामा	कामा	1
रा	!	1
बोलकीण	बोल	1
लगाने	##ना	1
किएंग	किये	1
का	##या	1
प	लागे	1
पी	पान	1
खाले	खाई	1
पेटराम	पेट	1
टोन	टोन	1
आनन्द	खुशी	1
वातावरण	माहौल	1
खुश	खुशी	1
दोरूर	दुई	1
छुरोकी	छु	1
दिएण	किये	1
कामुन	काम	1
प्यारगुा	प्यार	1
नि	##पट	1
बिल्कुलराम	बिल्कुल	1
करिस	##ंदै	1
रहा	##ए	1
यह	कि	1
कहता	बोला	1
साथी	साथी	1
हुकबू्का	हुक	1
कामऊर्तन	काम	1
आनाा	आ	1
हरिा	हरि	1
बाू	बा	1
नाते	ना	1
ला्ब	ला	1
कुत्तेूब	कुकुर	1
बाहर	निकल	1
एका्ब	एका	1
रोटीध	रोटी	1
सुादामबद्वार	सु	1
असदामडे	अस	1
अपनी	##नि	1
ओ्थियां	ओ	1
बोलाियांा	बोल	1
।दाम	।	1
्थदाम	-	1
ना	(	1
तो	एक	1
दाम	,	1
सुबादामद्वार	सु	1
गया	##ए	1
सुऊ	सु	1
ला	लाया	1
मेरा	##रै	1
धोला	धो	1
गए्बबब	।	1
बातूब्ब	बात	1
भाई	भाइ	1
को्बब	।	1
पुरानी	पुरानी	1
राज्य	राज	1
अंग्रेजों	अंग	1
वह	##क	1
जि	##िव	1
तांत्रिक	तांत्रिक	1
थाों	थे	1
पुलिसता	पुलिस	1
इसै	##ए	1
का	क	1
बाय	बाइक	1
संबंध	रिश्ते	1
सरोकारगे	सरोकार	1
दुनियान	दुनिया	1
ग	जुट	1
खापान	खाई	1
जानाकूड़ीम्बा	##ना	1
दूरस	दूर	1
दोड़े	दुई	1
कोद्द	##ै	1
शादीनगत	शादी	1
ुंड	(	1
पैसे	रुपया	1
पैसा	पैसा	1
तो	तोड़	1
च	फ	1
खनिज	खनिज	1
धातु	धातु	1
।बे	।	1
चाचाज़	चाचा	1
केो	द्वार	1
गाा	गा	1
बजे	##ौ	1
तथा	##ह	1
की	##ुर	1
1950ो	1950	1
मोठ	म	1
क	कडक	1
थीचीजालोज़	थी	1
गलील्लोची	गली	1
चाल्ले	चा	1
मुकाबलेघ	मुकाबले	1
चाचालरियों	चाचा	1
रचवीसु	र	1
डीीनघ	डी	1
।ुघ	।	1
घर	घर	1
चाचावाली	चाचा	1
चाचाची	चाचा	1
मोहल्ले	##हल	1
जाते	##सल	1
अट	अ	1
हार्ट	हार्ट	1
करो	या	1
लो	##औ	1
अ	एड	1
महीनेल्लो	महीना	1
ओए	ओ	1
चाचीवा	चा	1
फ़	!	1
।रेंद्र	।	1
दिमागाने	दिमाग	1
दोूँ	दुई	1
टिका	टेक	1
कामया	काम	1
ेव	,	1
क्ुद	क्	1
कोई	का	1
तीनु	त्	1
मिनटुर्ग	मिनट	1
वासेवुद	वास	1
सातन	सात	1
पाँचढ़	पाँच	1
रुपया	रुपया	1
औरन्द्र	आ	1
आती	आ	1
आपल्लो	तु	1
में	##ंदै	1
ुद	,	1
बोलेेव	बोल	1
रहे	##स	1
वासेवदार	वास	1
धन्यवादुद	शुक्र	1
किया	##िया	1
नहींुद	ना	1
बेसहार	बेस	1
घघर	घ	1
का	,	1
फूलों	फुल	1
नाकंु	नाक	1
पतली	##तल	1
बोलनेदा	बोल	1
्व	,	1
हाथरेंद्र	हाथ	1
आपके	तुम	1
जीड़	जी	1
मांगी	माँ	1
किलोमीटर	किलो	1
हनुमान	##मान	1
टेका	टेक	1
7ीस	7	1
हुई	##यौ	1
आता	आ	1
फिरदा्व	फिर	1
बोल्व	बोल	1
आपका	##िया	1
धन्यवाददा्व	शुक्र	1
बाजू	बाजू	1
नरदा्व	नर	1
शायद्व	शायद	1
आपसे	तुम	1
जीदा	जी	1
शादी्वसला	शादी	1
प्याररेंद्र	प्यार	1
सारी	पुरी	1
नहीं	##न	1
भावनाओं	भावना	1
।दा्वसला	।	1
दुनियादा	दुनिया	1
में्व	कै	1
सम्बन्ध	रिश्ता	1
जीवनसला	##िंदगी	1
प्रश्न्व	सवाल	1
जीरेंद्र	जी	1
बोले	##ि	1
पवित्रानेहे	पवित्र	1
माए	!	1
रहा	##ै	1
और	##़	1
आनन्दड़े	खुशी	1
करिल	##ंदै	1
में	बीच	1
मैज	मै	1
कोर्टरि्वरेंद्र	कोर्ट	1
थाची	##यो	1
कील्लो	,	1
रिटमैैर	रिट	1
कर	##यो	1
नाइलामी	ना	1
प	पी	1
खाए	खाई	1
भ्रष्ट	भ्रष्ट	1
होती	##ह	1
क	कौन	1
कंची	कं	1
लालिड	लाल	1
रिपोर्टें	रिपोर्ट	1
कामज़	काम	1
क्योंकि	क्योंकि	1
ठेकेदारफ़	ठेकेदार	1
फील्डटाों	फील्ड	1
का	कडक	1
राहुल	राहुल	1
बिगकशि	बिग	1
आज़	आ	1
मिाज़	मि	1
केतु	के	1
मु	##हल	1
है्कड	है	1
शराबा	शराब	1
जाए	##ई	1
परल	पर	1
लॉ	ल	1
रहती	##ि	1
खुशबी	खुश	1
भुगतानए	भुगतान	1
इन	इन	1
्क	,	1
बिना्रीम	बिना	1
होता	##द	1
एरियर	ए	1
टीेंट	टी	1
रिटछ	रिट	1
सिविल	सिविल	1
करमेंट	##दै	1
लियेार	##ए	1
पाँचड़	पाँच	1
कैमरे	कैमरा	1
पत्र	कार्ड	1
राहुतु	राह	1
क्षेत्र्क	इलाका	1
का	एक	1
सहाराे	सहारा	1
आधेूसेुल	आधा	1
।ण्टेरा	।	1
तपो	त	1
एकख्तर्सश	एक	1
।र्स	।	1
हटियां	##ि	1
।र्सकर	।	1
बारीन	बारी	1
मंगलफाड़े	मंगल	1
मे	हाथ	1
हो	##ंदै	1
रुपयेफ़	रुपया	1
सिंहास	सिंह	1
उधर	फिर	1
मंगलान्नतु	मंगल	1
सेी	हाथ	1
शहा	श	1
सूटगन	सूट	1
मंगलन	मंगल	1
नारियल	सेब	1
सुामो	सु	1
टगु	ट	1
शाम	शाम	1
नण्ट	ना	1
र्स	,	1
ेनेिया	!	1
बेस	बेस	1
।ु	।	1
बेड	बिस्तर	1
पाी	प	1
आएोस	आए	1
कहेा	बोला	1
पी	रु	1
।ट	।	1
बाबूचारी	बाबू	1
होते	##ब	1
सिता	सि	1
औरमा	आ	1
बोलाझी	बोल	1
ही	##री	1
करता	काम	1
तेचू	,	1
शहरा	शहर	1
परझीसू	पर	1
शिविर	शिविर	1
की	##ा	1
आ	आई	1
दसौं	दस	1
सिफारिशझी	सिफारिश	1
औरहट	आ	1
।ि	।	1
हुआ	##ि	1
झी	,	1
फीू	फ	1
कहनेधी	बोल	1
पू	प	1
रझी	र	1
टा	,	1
।झी	।	1
नाचू	नाच	1
सोयैन	सु	1
ठिकू	ठिक	1
रामाना	राम	1
खुशीझी	खुशी	1
19ोग	19	1
लिखनेरा	लिख	1
गए	##ते	1
चाचू	चा	1
बी	बीते	1
रामू	राम	1
इंटरव्यू	इंटरव्यू	1
कम	“	1
हामू	हा	1
रामीस्ते	राम	1
पूझवारट	प	1
ियां	,	1
जागरणन	जाग	1
बिनाुंड	बिना	1
निभाना	निभा	1
कारज	कार	1
मंडल	मंडल	1
सूट्साना	सूट	1
पचासना	पचास	1
सी	शी	1
सातूं	सात	1
खायरज़	खाना	1
डेी	डे	1
लेना	##ा	1
दे	दी	1
में	##ना	1
का	##ए	1
गामनुज	ज	1
ने	##मन	1
दिए	किये	1
तेलंगोंज़नायाज़	तेल	1
सीही	शी	1
मल	मा	1
थेकर	थे	1
दोज़ड़ी	दुई	1
सातामन	सात	1
गंगामन	गंगा	1
हाथमन	हाथ	1
सेना	##ौज	1
खाती	खा	1
जा	ज	1
निकलड़ा	निकली	1
सारा	सार	1
एक	##टक	1
गंगाटे	गंगा	1
छ	##म	1
नहीं	आ	1
वह	आई	1
तेरह	ते	1
1905	1905	1
1984	1984	1
स्लेट	स्	1
धूप	धूप	1
थी	##ि	1
महीने्ने	महीना	1
नू	“	1
बोलनेू	बोल	1
कीनू	कि	1
पड़ी	##द	1
आप	।	1
कोई	क	1
।ाना	।	1
नू	-	1
जानी	##ई	1
दूरत	दूर	1
मांगी	मांग	1
जोड़ी	जोडी	1
ज	##ई	1
ू	,	1
ले	?	1
लगी	ता	1
बोली	बोले	1
हो	##ी	1
दीन	दि	1
कालोआ	कालो	1
हो	##औ	1
काली	काल	1
होकर	दुखी	1
खांसी	खा	1
चेतावनीू	चेतावनी	1
गए	##़	1
रहे	##ंदै	1
टा	“	1
से	श	1
ौंक	-	1
बोलीस	बोल	1
खुला	खोल	1
हो	##ं	1
बहू	बुवा	1
ब	##ा	1
ख	“	1
तो	##़	1
आजल्टा	आज	1
द	आ	1
नाश्ता	नाश्ता	1
औरया	आ	1
।टा	।	1
सि	##क्का	1
कु	मार	1
दोनोंूख	दुई	1
निकलते	निकला	1
19	19	1
माा	मा	1
बोलनेनानाथदार	बोल	1
लीजिएनू	पु	1
फैसलाच	फैसला	1
दनी	?	1
कीणते	,	1
अ	अरे	1
बता	बोलू	1
दिमागक्	दिमाग	1
ला	“	1
लेकर	##ंदै	1
दिमागकीण	दिमाग	1
थीी	थी	1
ण	“	1
दिमागश	दिमाग	1
वह	##िय	1
कामकी	कामे	1
रोटीण	रोटी	1
एकणैनी	एक	1
छुकी	छु	1
ध	##स	1
।की	।	1
करण	##ंदै	1
जाना	सु	1
पड़ेड़ीकी	लागे	1
देखे	देखे	1
ग्यारह	ग	1
कक्षावीं	कक्षा	1
2ज़ार	दुई	1
पासनू	पास	1
बातकरूं	बात	1
स्ढ़ा	स्	1
लेट	?	1
लिए	##ए	1
करकी	##ंदै	1
कीटा	"	1
णक	,	1
लोग	##भा	1
लवन्डड	ल	1
दुकानड	दुकान	1
लकर	ल	1
कर	की	1
ल	##ल्या	1
दुकानकर	दुकान	1
साइनएससी	साइन	1
लिख	लिखा	1
कंपनीू	कंपनी	1
पैकिंगएससी	पैकिंग	1
स्टिक	स्	1
चप्पल	चप्पल	1
एसण	एस	1
सील्प	सी	1
होनूाक	##ो	1
सोकी	सो	1
काय	काय	1
होने	##़ा	1
तयति	तय	1
63ले	63	1
बसजु	बस	1
यानी	यानी	1
5्ता	5	1
काटबाटे	काट	1
दो्ता	दुई	1
दलों	दलों	1
फुटह	फुट	1
पांचशा	पांच	1
फिर	परत	1
मकर	म	1
दिवालीका	दिवाली	1
।च	।	1
फुलबत	फुल	1
नियां	ना	1
नम	ना	1
थेजों	।	1
बात	बे	1
डेढ़	डेढ	1
लगा	लाई	1
लगाई	लाई	1
आ	दी	1
लगाकरशा	##ंदै	1
रो	रोटी	1
परटिंग	कै	1
खानेओं	खा	1
एकल	एकल	1
बखा	बाब	1
वेुआरे	वे	1
बि	##खेर	1
रहीं	##्यान	1
बातों्स	बात	1
दौर	दौर	1
सांस्कृतिकोर	संस्कृती	1
हिल	हिल	1
आजाद	आज	1
केंद्र	केंद्र	1
रेडियो	रेडियो	1
कर	काम	1
संगठन	संगठन	1
और्द	आ	1
करोड़ोंहार	करोड	1
रुपएास्त	रुपया	1
यह	##़	1
परासी	,	1
हेडदार	हेड	1
चौकी	चौकी	1
पालरामम	पाल	1
राज	,	1
दोौज	दुई	1
संपत्ति	संपत्ती	1
कीरद	ए	1
भवन	भवन	1
हीे	##नै	1
पंचतुनच	पंच	1
सरपंचबर	सरपंच	1
कक्षाड़	कक्षा	1
गोल	गोल	1
दौड़ता	##ौड	1
दे	दि	1
बल	बल	1
छन	##ैं	1
जींटी	जी	1
वाणिज्य	वाणिज्य	1
।ड	।	1
मििल	मि	1
बसवारी	बस	1
मास्टरराम	मास	1
कामा	काम	1
मारा	##ई	1
सेे	लेट	1
किंबावालीकू	कि	1
थे	##ए	1
मालया	माल	1
ण्डी	"	1
जल	ज	1
दिया	##ै	1
सि	से	1
काुआ	का	1
सेौं	##ि	1
ठीका	ठीक	1
बोलीऊो	बोल	1
किना	कि	1
तो	खास	1
महात्मारामड़	महात्मा	1
दूसरे	दुसरा	1
गांधी	गाँधी	1
फों	फ	1
जीवनिल	##िंदगी	1
ी	;	1
लगाकरल्ट	##ंदै	1
खाई	खाई	1
को	ता	1
भर	##तो	1
पानीए	पानी	1
बिस्तरो	बिस्तर	1
गई	आई	1
से	##ाई	1
गए	निकले	1
भा	सु	1
देखाा	देखो	1
तार	तार	1
हारटी	हार	1
तो	लागे	1
कम	,	1
आएंगे	आ	1
होकर	##ब	1
आपों	तु	1
नियाघ	ना	1
निच्छैर	नि	1
राष्ट्रद्धाूर	राष्ट्र	1
वैज्ञानिक	वैज्ञानिक	1
नईछी	नौ	1
रहे	##या	1
वातावरण	वातावरण	1
ग	##गल	1
देखकर	देख	1
भाग्यवान	भाग्य	1
वान	"	1
द	,	1
दिमागद	दिमाग	1
करना	काम	1
तोर	ता	1
नी	!	1
मासू	मास	1
जिंदा	##िंदा	1
निुोगन	नि	1
हालता	,	1
तोहीराू	तो	1
रसे	रस	1
के	भाग	1
याीले	या	1
हालातीला	हालात	1
आआर	आए	1
कस्डर	कस	1
पच्चीतू	प	1
पच्चीोरी	प	1
बस	ब	1
हीरट	,	1
मनी	मनी	1
फौज	फ	1
हरिुू	हरी	1
जजन	ज	1
कागन	।	1
ीले	“	1
रसा	रस	1
ट	##पक	1
दोीला	दुई	1
रोटीाक	रोटी	1
रसी	रस	1
ीले	,	1
3	त्	1
अपने	##ौ	1
ीला	-	1
तोुू	##स	1
गन	,	1
लिखाई	##ई	1
नेम	##ए	1
हराजन	हार	1
उसका	##ए	1
आगाई	आग	1
तंबू	त	1
लगे	कै	1
बैठकक	बैठक	1
उठ	उठ	1
शुरूपाई	शुरू	1
तुला	तुला	1
पूछताछई	पूछ	1
तोल	तो	1
ने	”	1
ते	“	1
इलाकायान	इलाका	1
ोनन	-	1
नामड़	नाम	1
जीवनजाबा	##िंदगी	1
फूट	टूट	1
री	“	1
इलाका	इलाका	1
जीिनी	जी	1
ंस	"	1
ावानंस	“	1
ती	,	1
जि	##ि	1
हग	ह	1
नांस	,	1
को	##ाई	1
ब	“	1
पीने	पिन	1
पंचा	पंच	1
स्ते	?	1
।्रा	।	1
तीसं	तीस	1
बारेफिया	बारे	1
में	बोल	1
कीग	कौर	1
अरे्पसंजडा	अरे	1
ज़	?	1
में	##ौ	1
प्राप्त	प्राप्त	1
बिक्री	बेच	1
खेलने	खेलना	1
11	11	1
हूँ	कै	1
लस	लस	1
प्यारग्न	प्यार	1
टो	ट	1
प्रबंधकैक	मैने	1
किली	कि	1
किताबें	किताब	1
भी	##े	1
स्तेम	,	1
एकडी	एक	1
हायर	हाय	1
पेक्यो	पे	1
देशी	देशी	1
एक	का	1
करते	काम	1
त्ताह	,	1
क्रीमर	क्रीम	1
एकांटउ	एका	1
लम	,	1
्पिक	!	1
मामले	मामला	1
खेलतेिन	खेल	1
जस्ट	जस	1
जसिन	जस	1
्ट	!	1
वेट	वे	1
गीज़	ग	1
23	23	1
अत	अत	1
सुरक्षित	सुरक्षित	1
संग्रह	संग्रह	1
डेटाबेस	डेटाबेस	1
आपने	तु	1
म	##ज़	1
अमेरिकनड	##मे	1
बारेविोग	बारे	1
प्लेॉक	प्ले	1
प्यारबॉलरॉफ्ट	प्यार	1
शौकज	शौक	1
म्स	,	1
नहीं	##े	1
संग्रहालय	संग्रहालय	1
डॉबर	डॉ	1
मैन	,	1
मैं	##ँ	1
पेशेवर	पेशा	1
डगन	ड	1
किसी	##निक	1
मैके	मै	1
रहतीफ	##ि	1
1999	1999	1
केनू	र	1
दिल्लीिमस	दिल्ली	1
कोैले	की	1
थिया	थ	1
सर	तारीफ	1
गयाौ	आ	1
सोज	सो	1
शपि	श	1
किन	क	1
पैसाड़	पैसा	1
मैत्री	मैत्री	1
देखने	देखि	1
पर	##ंदै	1
शाहीसा	शाही	1
जलन	जल	1
जींक	जी	1
भागह	भाग	1
सीखृत्या	सीख	1
राहुलसास	राहुल	1
साबितयन	साबित	1
1942	1942	1
1943	1943	1
मेंंत्र	कै	1
अ	##राज	1
कता	,	1
हट	फिर	1
अकता	##राज	1
ै	“	1
को	##यो	1
छा्क	##ो	1
होता	कै	1
मई	मई	1
शिमलावन	शिमला	1
पर्यटकों	पर्यटक	1
की	बा	1
छा	का	1
भी	भीड	1
े	!	1
ी	"	1
हर्क	हर	1
पूरा	पुरी	1
आजा	आज	1
वोटने	वोट	1
रेल	"	1
रोका	रोक	1
तो	##नै	1
हमारीते	आम	1
गू	ग	1
कामयाब्क	कामयाब	1
मेंुट	कै	1
ठ	,	1
15िल	15	1
्ल	-	1
10ौं	10	1
ताजा	ताज	1
जिन्दगीता	##िंदगी	1
चलोर	चलो	1
आई्त	आई	1
म्	म्	1
बहालप	बहाल	1
आये्ज	आ	1
दिखाते	देखा	1
हैं	##ऐ	1
देखें	देख	1
दिया	किये	1
एक्कठ	एक	1
दिनू	दिन	1
हथ	हौ	1
नहीं	##ँ	1
होगी	ता	1
पक्की	##्का	1
वोटू्क	वोट	1
साा	##़	1
जाने	##ब	1
राशन	##न	1
करंट	की	1
उधारूड़ी	उधार	1
निकू्क	निक	1
लिये	कै	1
पंक्ति्क	लाईन	1
का	हाथ	1
देखते	ब	1
रूाहई	रु	1
नत	ना	1
का	##दै	1
ैल	,	1
नन	न	1
कर	क्र	1
आनन्द	खुश	1
आकाशे	आकाश	1
होने	##ा	1
तो	सा	1
आई	आईं	1
ये	ता	1
पुराने	पुरानी	1
न	देखि	1
रहेों	##दै	1
अ	बे	1
अन्नत	अन्न	1
हाथवाद	हाथ	1
बेशकलमो	कीमत	1
किया	की	1
प्रयास	कोशिश	1
बेसुधि	बेस	1
थे	##ऐ	1
वहीं	तेथे	1
मेकप	मेक	1
ट	?	1
शन	श	1
ि	-	1
जोशी	जोशी	1
द	ते	1
जरूर	##रूर	1
ठीकं	ठीक	1
स	##ल्या	1
रन	र	1
काि	##ाई	1
ग	गली	1
आसमानिल	आसमान	1
रहा	##यो	1
हिन्दुयुस्तान	हिन्दु	1
सारनिका	सार	1
दिनमा	दिनमा	1
पुस्तकालय	पुस्तकालय	1
खोला	खोल	1
अपनाेन	आप	1
विद्यापीठ	विद्यापीठ	1
भारत्दु	भारत	1
लवलीन	लव	1
कोठी	को	1
शान्त	शांत	1
आजकरीटल	आज	1
बादनि	##छ	1
िटी	,	1
आदेश	आदेश	1
दर्दे	दुख	1
शिमलाैनीश्त	शिमला	1
।लीन	।	1
ीना	!	1
हिन्दींगलाए	हिन्दी	1
मोमि	मो	1
टमि	टा	1
यादबस	याद	1
गुलामज़	गुलाम	1
माली	माल	1
आाद	आज	1
रो	रोड	1
ंगल	।	1
पोस्ट	डाक	1
गेट	गेट	1
क्वाट	क्	1
गोलाकार	गोलाकार	1
लैलरी	ख	1
गंगलड़ी	ग	1
नमुना	नमूना	1
फुलकारी	फुल	1
दिवा	दिवा	1
गम	ग	1
विोर	वि	1
का	##ारी	1
।ीना	।	1
अनिक	अन	1
मोनंटमि	मो	1
मौका	मौका	1
कारण	का	1
तोस्तव	ता	1
हैंीना	##़	1
रही	##दै	1
बोलीीना	बोली	1
शिमलांगला	शिमला	1
लगती	ला	1
पुरानेनइनमि	पुरानै	1
मनेज	मन	1
लवलीनविज्ञान	लव	1
औरो	आ	1
दुनियाजातभि	दुनिया	1
सिमिटी	सिम	1
म	माँ	1
स	##दै	1
दिखाईता	देख	1
स	##सी	1
मला	दुख	1
थािन	थे	1
रती	र	1
म	##ौज	1
जिन्दगीीना	##िंदगी	1
ननेमेल	ना	1
शान	शान	1
झाजी	झ	1
हिन्दुब्बत	हिन्दू	1
तिियन	ति	1
साकारज़ाद	साकार	1
राष्ट्र	राष्ट्र	1
ये	।	1
चीनब्बत	चीन	1
तिब्बत	ति	1
कहनािन	बोल	1
प्रवक्ता	प्रवक्ता	1
तिियनार्थी	ति	1
सेी	से	1
पी	पीढ़ी	1
सामनार	सामना	1
शान्ति	शान्त	1
सेसात	##ै	1
बौद्धब्बत	बौद्ध	1
केीब्बत	।	1
एकीना	एक	1
85मि	85	1
से	हाथ	1
कामों	काम	1
सेवाौ	सेवा	1
92	92	1
कामना	काम	1
कार्डौ	कार्ड	1
की	##ला	1
चंडीगढ़सी	##गढ	1
दिखाईौली	देखि	1
न	##ती	1
3	3	1
दशकों	दशक	1
याश	या	1
द्वारत	द्वार	1
जानेदर	जाने	1
सिद्धांत	सिद्धांत	1
गति	गति	1
स्पीड	स्पीड	1
आ	##ब	1
विकसिती	विकसित	1
देशों	देश	1
नीति	नीति	1
निपटने	मुकाबला	1
एकजुट	एकजुट	1
आपदा	आपदा	1
दी	##ंदी	1
ड	##ौ	1
गईती	##ुई	1
ढ़	?	1
ड	##ि	1
जंग	ल	1
थामित	##यो	1
पल	प्	1
अवैध	अवैध	1
सुमित	सु	1
आयुक्त	आयुक्त	1
स्वयं	आप	1
शिमलामित	शिमला	1
रू	रोक	1
108	108	1
कर	##स	1
पट्टी	पट्टी	1
ग्रेट	ग्रेट	1
द	“	1
स्ूल	स्	1
थ	,	1
गिरीशमित	गिरीश	1
ने	कि	1
दुःख	दुखी	1
कम	##म	1
दिये	##ाई	1
मित	”	1
एक्स	एक्स	1
ड	!	1
हुएायर	##े	1
रेलवे	रेलवे	1
डिटेल	डि	1
कैप्टन	कप्तान	1
फीट	फुट	1
हाथोंलास	हाथ	1
भी	##दै	1
्ले	,	1
खेलेठ	खेल	1
भावू	भाव	1
पिलिट	प	1
इशारा	इशारा	1
मे	मेक	1
ढ़ा	-	1
।रह	।	1
जि	जि	1
देखापा	देखो	1
छी	,	1
थीं	##ह	1
बहसन	बहस	1
हां	हां	1
टोपी	टोपी	1
खिलाड़ी	##िला	1
दोण	दुई	1
बन	बा	1
वह	वह	1
डावी	ड	1
छीवर्राईबीम्	छ	1
नांूमींहार	ना	1
बट्टा	ब	1
मेन्द्रछयां	म	1
दूधम्िनंधेहारज	दूध	1
बा	##छ	1
मौकाौ	मौका	1
बेमका	बे	1
पंचायतडतान	पंच	1
उर्फाराज	उर्फ	1
मुस्ंडे	म	1
पांचट	पाँच	1
थीनक	थी	1
विदा	विदा	1
केई	##ं	1
मौकािर	मौका	1
केदरी	##ं	1
किरा	कि	1
दे	दिन	1
भंड	भ	1
दर्दी	दुख	1
जनास्थ	जना	1
शादीनक	शादी	1
सातते	सात	1
आठ्	आठ	1
चौरस	चौरस	1
कीस्थ	##ाई	1
रा	,	1
तो	##ा	1
थेन	थे	1
पवा	प	1
पररा	पर	1
बातवां	बात	1
संबंध	रिश्ता	1
बेशकनक	बेशक	1
तो	ठीक	1
वां	-	1
पाठपन	पाठ	1
उद्या	उद्या	1
कीक्ष	कि	1
मौके	मौका	1
देते	।	1
तेज	तेज़	1
शुभौ	शुभ	1
पड़े	लागे	1
रा	-	1
पांचवा	पांच	1
बुरी	बुरी	1
भ्रम	भ्रम	1
छठा	छठ	1
एकदम	##ना	1
बातवा	बात	1
तो	##ाना	1
भाईनकट	भाई	1
बाबूकीर	बाबू	1
बातों	बात	1
बोला	##ो	1
बि	##दरी	1
बोलेर	बोल	1
खते	खाऊ	1
वां	,	1
पहला	पहला	1
भरी	भरी	1
बाबू्की	बाबू	1
कीकी	##ि	1
हाईकोर्ट	हाईकोर्ट	1
रकीचंद	,	1
वहीं	##ए	1
दी	##ी	1
थीीले	थी	1
।ंट	।	1
प्	प	1
बाबू	बाबु	1
नायडू	नायडू	1
बिरा	वि	1
शामिलदरी	शामिल	1
फैसलानक	फैसला	1
हैं	##छ	1
फीस	फीस	1
है	##ास	1
पंगा	पं	1
लगने	##ै	1
हत्या	हत्या	1
लिया	##या	1
कोवांरा	##़	1
हैं	कै	1
बह्या	ब	1
हो	शामिल	1
ानंदद्वार	,	1
बोलेरा	बोल	1
परमब्बरदरी	परम	1
होकरद्वार	##े	1
कोर्ट	कोर्ट	1
नाकनककी	नाक	1
फर	फ	1
रही	##ै	1
गया	एक	1
सिुन्ध	सि	1
ुनन्ध	,	1
चाचाचर	चाचा	1
क्रूर	क्रूर	1
शनि	शनि	1
रख	रख	1
आजह	आज	1
ही	##नै	1
प्यार्या	प्यार	1
सिन्ध	सि	1
नन्ध	ना	1
हैी	आ	1
शहरढ़ा	शहर	1
रिटठीायर	रिट	1
होने	##श	1
थाु	कि	1
पून्ध	पू	1
दिख	देखी	1
देती	##ंदै	1
गाली	गाली	1
सपाटैर	सपाट	1
व	-	1
विदेशेते	विदेश	1
केले	##ए	1
नाक्कायां	ना	1
बोलती	बोल	1
रू	रु	1
चिल	च	1
और्का	आ	1
जाता	##ंदै	1
अच्छाुन्ध	अच्छा	1
आसकर	आस	1
सरपंचकार	सरपंच	1
बेचुरी	बेच	1
बजे	##ऐ	1
आखिरी	##खरी	1
करने	##ना	1
गुणा	गुना	1
कोयों	को	1
कोढी	ता	1
पीठी	पी	1
तोािबो	##़	1
स्यापा	स्	1
स्पाया	स्	1
घ	##रु	1
दिख	देखि	1
तुम्हें	तुम	1
कुलौ	कुल	1
लाइट	लाई	1
लोी	लो	1
अनुसार	##नुसार	1
आ	छ	1
देवीश	देवी	1
केसला	प	1
काु	का	1
झ	झडप	1
हौंन्ध	हौं	1
नीलम	नी	1
आजका	आज	1
करुन्ध	##ंदै	1
प्ड	प	1
भल	भ	1
था	##ंदै	1
शुरूद्रािण	शुरू	1
सिीु	सि	1
मासलेन्ध	मास	1
हो	##छ	1
टैक्सीे	टैक्स	1
1ी	1	1
शहरों	शहर	1
कोियांठ	को	1
माफ	माफ	1
लिखना	लिख	1
नीर	नी	1
करुंध	##ंदै	1
हाथी	हाथ	1
टाटा	टाटा	1
जरकप्पी्नी	ज	1
निप	नि	1
साथुण	साथ	1
दोु	दुई	1
कोंध	##ो	1
यादंध	याद	1
कोम	ता	1
पूर	प	1
राजानकोठा	राज	1
सिरपुर	सिर	1
कागढ़	,	1
मंडीलेमौरुलेर	मंडी	1
दंगास	द	1
काकेतड़े	,	1
कोटपुरतारला	कोट	1
थीदरी	।	1
लड़ाई	ल	1
एकनिया	एक	1
एकं	एक	1
निकल	निकला	1
हुआ	कै	1
कररण	##ंदै	1
र	?	1
दे	,	1
भाईर	भाई	1
प्या	प्	1
राजा़लिद	राज	1
व्दी	व	1
पुत्र	पुत्र	1
संयोग	संयोग	1
राजगाईप्र	राज	1
पुरहितरो	पु	1
फ	##क़	1
करो	##ए	1
देखकरत्तीर	देखि	1
देना	नाम	1
वहित	व	1
हुईरो	##ै	1
अपनीा	##नी	1
रानीिब	रानी	1
रहा	##ऐ	1
गया	##ै	1
िए	“	1
यह	यो	1
कीर	##ि	1
विब	व	1
साहा	साह	1
बातश्या	लागी	1
गया	ग	1
एकका	एक	1
उसने	##ए	1
भाईने	भाई	1
अ	सा	1
झ	##्या	1
अ	##़	1
दूधर	दूध	1
दिमागब	दिमाग	1
परेशान	दुखी	1
ुंडू	,	1
नहींंगीद	हैन	1
सीखाते	सीख	1
क	##ौर	1
एहलकार	ए	1
बिकर	बि	1
मिलाकर	मिला	1
गतथः	गत	1
सों	स	1
महाजन	महाजन	1
ः	"	1
ये	ये	1
प्रेरणा	प्रेरणा	1
टैग	टैग	1
ोर	,	1
आजौड	आज	1
कर्म	काम	1
खैरदा	खैर	1
खाना	खा	1
सातवे	सात	1
किसे	कि	1
प्राप्तं	प्राप्त	1
वर्षे	वर्षे	1
पुत्र्लोक	पुत्र	1
षमा	ष	1
आताचर	##छ	1
मित्र	मित्र	1
यादोड़ेत	याद	1
संतान	संतान	1
वह	ता	1
होना	##ना	1
मार	##ंदै	1
मुश्किलसी	मुश्किल	1
आठठा	आठ	1
हुआ	##ी	1
मंत्रीसी	मंत्री	1
क्या	ता	1
दौरे	दौरा	1
केह	##ै	1
लाौलपीति	ला	1
बातजी	##ि	1
निर्णय	फैसला	1
कालान	##यू	1
कर	##ि	1
कोई	##़ी	1
सांसराम	सांस	1
गोल	गोली	1
नहीं	##ं	1
कीरीप्	आ	1
थे	##ै	1
हुक्म	हुक	1
विधानसभा	विधानसभा	1
यह	##ी	1
कानूनून	कानून	1
नहीं	हैन	1
हुए	##दा	1
नहींंट	ना	1
नहींसे	ना	1
का	आ	1
1ार्ज	1	1
आई	सांस	1
सुपररइजवा	सुपर	1
देते	##ंदै	1
के	##ती	1
हालात	हालात	1
रा	र	1
तोड़ने	##ै	1
इोंति	इ	1
म्	!	1
विसरदाम	वि	1
सुशे	सु	1
थेदाम	थे	1
भाईासर	भाई	1
भरौरम	भर	1
भाईगे	भाई	1
सुशेासरदाम	सु	1
कैद	कैद	1
विसर	वि	1
कोदाम	##ै	1
आया	आए	1
जो	##ै	1
भाईशेसर	भाई	1
म	##ई	1
आपादाम	तु	1
पीछेिए	##छ	1
गदार	गा	1
ह	-	1
सो	सौ	1
औरदाम	आ	1
ल	श	1
िएदार	,	1
काट	##्या	1
पुलिससरथक	पुलिस	1
एकना	एक	1
ने	का	1
वकीलर्	वकील	1
सेचे	का	1
।ता	।	1
सर	”	1
विशे	वि	1
हुर	हु	1
र्	,	1
बोलार्	बोल	1
उसनेसर	##छ	1
के	##सर	1
हुआ	##सर	1
पेश	पेश	1
फिरशे	फिर	1
।रसर	।	1
हुर्	हु	1
बरर्	ब	1
परर	पर	1
बाकीसर	बाकी	1
दोशे	दि	1
सरनाम	सर	1
दौड़	दौड़	1
पीछेा	##छ	1
रहा	##या	1
भाईकू	भाई	1
गड़	ग	1
करू	##ँ	1
लगाई	##ंदै	1
मना	मन	1
भरी	##ँस	1
आयााज	आ	1
दिए	दिने	1
दोश	दुई	1
थी	##यो	1
उलकू	उ	1
लिखे	लिख	1
हाथकू	हाथ	1
तंत्र	तंत्र	1
गौड	ग	1
तंत्ऱ	तंत्र	1
गया	##़ा	1
उसको	##ंदै	1
ऊ	,	1
थे	##ये	1
छ	##ब	1
देखकर्रृ	देखि	1
यह	आ	1
राजां	राज	1
रानीवीं	रानी	1
महलमा	महल	1
करा	करा	1
राजधानीहा	राजधानी	1
यह	##ै	1
की	##ुई	1
उसने	आ	1
गया	##ंदै	1
और्ला	आ	1
जलयों	जल	1
मौतद	मौत	1
दिया	##ो	1
का	##ाना	1
सात्मजा	सात	1
गई	##ा	1
दीुम	##ल्या	1
उतार	ला	1
की	##य	1
यह	आनी	1
़	“	1
तुझे	तु	1
रानीयनधु	रानी	1
खाना	खाए	1
ुन	“	1
बोलाे	बोल	1
भ	##ब	1
पिे	प	1
तोा	तो	1
मैनााख्त	मैन	1
कीाख्ता	कै	1
किमा	कि	1
दिखामा	देखा	1
रानीी	रानी	1
दौड़यन	##ौड	1
बिनाह	बिन	1
रह	हैरान	1
बहादुर	बहादुर	1
करना	##वा	1
थे	##़	1
खाकरी	खाई	1
तीसरेेरिया	तिसरा	1
चौथे	चौथा	1
थे	##दै	1
ताप	ताप	1
चौथारिया	चौथा	1
देसीई	देसी	1
जड	जड	1
बूटी	बूट	1
पांचाक	पांच	1
ढ़	,	1
रहक	हैरान	1
उू	उ	1
बोलताल्टी	बोल	1
कुलल्टे	कुल	1
पेटसार	पेट	1
उसकेू	##रै	1
अति	अति	1
िरा	,	1
दांतड़नेंज	दांत	1
यंत्र	यंत्र	1
जबूर	दाँत	1
सिरम	सिर	1
थांज	##यो	1
जि	ज	1
थाहम	आ	1
ने	##ंदै	1
च	##थ	1
तालिका	तालिका	1
नाकुरतवान	नाक	1
एकखे	एक	1
फ़	,	1
कीकरु	की	1
फैसलािता	फैसला	1
चिया	च	1
फैसलेु	फैसला	1
दंड	दंड	1
डालावान	##ो	1
दिखाए	देखा	1
उसकेधु	।	1
हटा	हटा	1
हो	##या	1
की	##ाना	1
भक्तु	भक्त	1
सुनाई	सुनाई	1
तीनना	त्	1
कल	क	1
एकु	एक	1
25ु	25	1
वान	,	1
भक्तुाक	भक्त	1
कुी	कु	1
जाता	निकली	1
दूरू	दूर	1
रिश्ताू	रिश्ता	1
भक्तकाू	भक्त	1
खालीरा	खाली	1
शौकू	शौक	1
करे	क	1
करें	बात	1
32	32	1
1000ह	1000	1
कीू	##ी	1
गएू	##के	1
झल्लीक	झ	1
खानेू	खा	1
रहन	रहन	1
भक्तना	भक्त	1
कूल	क	1
पुराने	पुरानै	1
वार	वार	1
भक्तहू	भक्त	1
भक्तकर	भक्त	1
स्टर	,	1
जाए	##ै	1
55ू	55	1
ने	##व	1
गई	##श	1
रही	##ई	1
खुशु	खुश	1
तो	##ंदै	1
कीन	##ला	1
कोई	##़	1
कोु	##े	1
तीसरेाक	तिसरा	1
हुए	##े	1
एक्सचेंज	एक्सचेंज	1
पुर्ण	पुर्	1
थास	थे	1
चती	च	1
करीस	करी	1
करीजा	करी	1
माहयम	माह	1
हारलािरण	हार	1
नाचमी	नाच	1
मायावारम	माया	1
करणगट्	##ंदै	1
बासकट	बास	1
चठे	च	1
गािटसी	गा	1
मिस	मि	1
मरीासरा	मर	1
नवा	नवा	1
दोरिम	दुई	1
एकीास्र	एक	1
टग	ट	1
एक	,	1
दोदेा	दुई	1
खुददेा	खुद	1
सरशखहे	सर	1
शरद	शरद	1
रोजमीण	रोज	1
ताना्श	ता	1
खुदत्ति	खुद	1
दिा	दि	1
कीदे	##़	1
बोलनाड़	बोल	1
है	का	1
मराठी	मराठी	1
आखिरहे	आखिर	1
उसको	कि	1
ईमानदार	ईमानदार	1
ताना	ता	1
अल्लाहत्ती	अल्लाह	1
खुद्श	खुद	1
बदे	ब	1
बोलने्य	बोल	1
गयाख	##ंदै	1
बाताब	बात	1
दिए	द्या	1
रुप	रुपया	1
पचासा	पाच	1
प	पेट	1
को	##त्ति	1
बतायाी	बोल	1
सरत्ति	सर	1
दिया	##ठो	1
आशीर्वाद	आशीर्वाद	1
पराब	पर	1
ने्श	##ं	1
गया	दी	1
रुपयेदा	रुपया	1
तीर्थदा	तीर्थ	1
को	##ए	1
सेक	##िय	1
इधर	##ेत	1
था	##द	1
थे	##रे	1
उधर	ते	1
तीसख	तीस	1
बश	ब	1
अपनेा	आप	1
अल्लाहख्शत्ति	अल्लाह	1
का	कै	1
ासणमी	,	1
करीी	करी	1
दि्श	दि	1
खुद्शा	खुद	1
खुद्शघा	खुद	1
कर	थे	1
ुड़	-	1
खुड़	ख	1
खुदास	खुद	1
पुलिसा	पुलिस	1
बण	ब	1
मरास	मर	1
थाण	थे	1
मर्तबा	मर	1
सी	कि	1
लो	##न	1
से	##र	1
राजासेन	राज	1
भद्र	भ	1
सुवर्ण	सुवर्ण	1
“िद्ध	“	1
बोलास	बोल	1
ही	##ं	1
धर	,	1
त्ूटरिक	त्	1
रावण	रावण	1
थाबेर	थियो	1
सुवर्णििद्धस	सुवर्ण	1
दोनोंब्र	दुई	1
गायत्री्लू	गायत्री	1
तिवारीब्र	तिवारी	1
लाइ्लूेर	लाइ	1
गायत्रीियन	गायत्री	1
गिनती	गिनती	1
गायत्री	गायत्री	1
वर्षों	साल	1
नेशनल	नेशनल	1
27	27	1
द्वारा	।	1
ट्रस्ट	ट्रस्ट	1
मेंनगर	के	1
लेखकोंज़	लेखक	1
रुपएह	रुप	1
एहसासबीी	एहसास	1
हुआ	##ई	1
क	##ा	1
ललित	ललित	1
संपादक	संपादक	1
मेश	म	1
हार्दिकण्ड	##िया	1
टी0	टी	1
चिन्ह	चिन्ह	1
ृति	,	1
अनुसारमॉलफल	मुताबिक	1
समापन	##खरी	1
समारोहडम	समारोह	1
कृष्णा	कृष्णा	1
कुल्ल	कुल	1
सरोज0के	सरोज	1
सुशील	सुशील	1
परमबुक	परम	1
ठाकुरेश्वर	ठाकुर	1
गुप्ताार	गुप्ता	1
कुमारी	कुमार	1
श्रीमतीवी	श्रीमती	1
नरेंद्र	नरेंद्र	1
दीयास	दी	1
ौ	,	1
कृष्णुरा	कृष्ण	1
सुप	सु	1
शन	,	1
पवननू	पवन	1
कुमाररीश्री	कुमार	1
मरेंद्र	म	1
हरिगि	हरि	1
रप्	र	1
श्	,	1
विजय	विजय	1
महादेव	महादेव	1
श्रीय	श्री	1
विनोदिया	विनोद	1
वर्मातन	वर्मा	1
।दर्शन	।	1
प	आ	1
सचिव	सचिव	1
फांसीपेंव	फांसी	1
पील	पे	1
कानूनी	कानूनी	1
कुं	:	1
कु	:	1
ल	-	1
ु	:	1
कोराम	का	1
वरसॉय	व	1
सिनेमा	सिनेमा	1
हैं	##नु	1
पयानंगाीगे	खा	1
चिकनजी	चिकन	1
ल	मि	1
़ंदर	,	1
है	##िम	1
का	किया	1
से	##ये	1
आजिर	आज	1
मेंॉय	के	1
वरस	व	1
पर	##्या	1
पांडेन	पांडे	1
गए	##़ी	1
भयंकर	खतरनाक	1
एस्लूडम	एस	1
कसा	##ये	1
गौरव	गौरव	1
अधिकारीपी	अधिकारी	1
ईमानदाराल	ईमानदार	1
नशेिनी	नशा	1
कारोबार0	कारोबार	1
कांगड़ा	का	1
आपने	##या	1
हमीड़ा	हमी	1
3रपुर	त्	1
हिमाचला	हिमाचल	1
ंगरपुरड़ा	,	1
धर्मशाला्लू	धर्म	1
सेड़ा	से	1
शिक्षणरपुर	स्कुल	1
पूर्व	पूर्व	1
मुख्यमंत्रीूम	मुख्यमंत्री	1
केरपुर	।	1
हिमाचलरपुर	हिमाचल	1
पालपुरम	पाल	1
जोिनकोठाग	जो	1
कीज	##ं	1
जल्ला	जल	1
अपराधी	दोष	1
साहबए	साहब	1
हाथद	हाथ	1
उसेिट	##ये	1
केया	##ह	1
खारिज	खारिज	1
निर्ंड	नि	1
सुप्रीमभ	सुप्रीम	1
कामेयान	काम	1
बुराह	बुरा	1
जिलांग	##िला	1
कुलघाट	कुल	1
देव्लू	दे	1
जातेड़ींग	##े	1
डाउन	डाउन	1
लॉक	लॉक	1
चेह	'	1
राजधानीरसॉय	राजधानी	1
गेम्स	गेम्स	1
लैपटॉप	लैपटॉप	1
बा	के	1
व	वायरस	1
एकतर	एक	1
क	?	1
कोरोनाू	कोरोना	1
मां्फ	आमा	1
कर्यू	कर	1
कर	##क	1
ूड़ा	:	1
है	##न	1
से	##ऐ	1
हैलो	हे	1
कहती	बोले	1
मु	म	1
होबार	##के	1
राधाे	राधा	1
तुम्हेंड़ी	##स	1
मीनाख	मीना	1
साधारण	साधारण	1
होती	##ऐ	1
रहा	,	1
राधां	राधा	1
सलमान	सलमान	1
बच्चन	बच्चन	1
तूटरी	तु	1
फ़	-	1
हम	ह	1
नी	:	1
कुलली्लू	कुल	1
राधाून	राधा	1
परनी	##ह	1
रिया	:	1
बंद	बन्द	1
तुम्हारे	तुम	1
फ	##ह	1
गल	:	1
मोयी	मां	1
आई	##े	1
है़िज	##ं	1
मां्ज	आमा	1
खानेही	खा	1
थारी	थियो	1
प्जा	प	1
जाओ	##ं	1
तू्जा	तु	1
हैिज	##ं	1
िज	:	1
खाने़	खा	1
वाला़ा्ज	##स	1
ढंग	ढंग	1
करके	##ं	1
सास्ता	आमा	1
ोनी	?	1
पासूड	पास	1
कौनूरी	कुन	1
वालांद	##ह	1
करोड़ों	करोड	1
का	##्या	1
कर	##ऐ	1
नाकगोतेर	नाक	1
सूर	सु	1
कैमा	कै	1
कैफ	कै	1
िनी़	,	1
दर्शनवा	दर्शन	1
करोड़ों	करोड़ों	1
कोों	,	1
गरीबों	गरीब	1
से्लू	से	1
सागरमेंट	सागर	1
सीांटगपुर	सी	1
गोविंदासल	गोविंद	1
ग्ग	ग	1
मिगान	मि	1
रुौमाल	रु	1
चप्पलंजर	चप्पल	1
काल	क	1
मन्दिर	मन्दिर	1
ररनािबणीौरीसर	र	1
टाच	टा	1
रइ	र	1
डंटकै	,	1
स्िमरोिजंडल	स्	1
सिरासिकलौर	सिर	1
फार्ममूट	फार्म	1
नाणु	ना	1
जिले	जिला	1
रेहनका	रे	1
पॉलरपुर	पॉल	1
इिटेक	इ	1
टींस	टी	1
हमी्न	हमी	1
्टीट्यूट	,	1
स्पी्ज	स्	1
ऊनौल	ऊन	1
सबहति	सब	1
ऊनिला्ट	ऊन	1
फार्म	फार्म	1
एरियाासगलाूट	एरिया	1
संस्मरण	सं	1
लालर्थीद	लाल	1
शेरायर	शेर	1
शी	श	1
ओ	##ो	1
प्रार्थी	प्रा	1
लगाकर	##ई	1
मेरेदेवी	मेरो	1
सातश्री	सात	1
कुलदाल्ल	कुल	1
प्राुर्ज़र्थीिब	प्रा	1
लालवीा	लाल	1
चांद	चांद	1
जयदेवी	जय	1
गैलरी	ग	1
आर्ट	आर्ट	1
निकोरिकलस	निको	1
कुलंद्र	कुल	1
कलार्थीके	कला	1
प्रा्लू	प्रा	1
हिमाचलभूमि	हिमाचल	1
बाबाट	बाबा	1
छत	छत	1
अकबर	अकबर	1
आज्र	आज	1
वालीी	##ऐ	1
देवींग	देवी	1
ब्र	ब	1
कामु	का	1
काड़ा	##ऐ	1
चांडांग	चा	1
आश्रम	आश्रम	1
गुरुब्बताईी	गुरु	1
पर्यटक	पर्यटक	1
वर्ष	साल	1
भोनाथजनाैले	भो	1
जिलाग	##िला	1
मातासा	माता	1
बिजलीखल	बिजली	1
बालकष्ण्लू	बालक	1
रोतान	र	1
महादेवेीघ	महादेव	1
मातापुर	माता	1
सुुनाथ	सु	1
बाबाै	बाबा	1
किलोमीटरग्लूा	किलोमीटर	1
दूर्ग	दूर	1
हैरिपुराऊर	।	1
कुलआ	कुल	1
चरु	चर	1
कीी	।	1
सा	##दगी	1
वी	‘	1
दशहरी	दश	1
आमड़ा	आम	1
देसी	देसी	1
हैंंग	।	1
मीठा	मीठा	1
अमर	अ	1
ठाकुरु्	ठाकुर	1
समाजवीज़	समाज	1
ुशी	'	1
कार्य्	कार्य	1
सितंबरसज़दलकार	सितंबर	1
प्रदेशिणीदन	प्रदेश	1
कुलिल्लू्ड	कुल	1
कोथर	##ु	1
पाल्लू0	पाल	1
पं0	पं	1
उपाध्यक्षछी	उपाध्यक्ष	1
चचंद्रेंटैपंग	च	1
हर	खुश	1
सचिवड़ा	सचिव	1
मस्ताना्टर	मस्त	1
हुए	हुए	1
लेखकों	लेखकों	1
स्तरीय	स्तरीय	1
जोर	जोर	1
दिया	दिया	1
लेखनप्रकाश	लेखन	1
रचनात्मक	रचनात्मक	1
आह्वान	आह्वान	1
करते	करते	1
अवश्य	##ईस	1
इंडियाथ	इंडिया	1
लाखकेॉरंतरु	लाख	1
कार्यिटी	काम	1
रुपएंडरींतर	रुप	1
सीनियर	सीनियर	1
के	##्या	1
श्रीवास्तव	श्रीवास्तव	1
आगेरज	आगे	1
।थ	।	1
हेिटीमर	हे	1
एयरपोर्टओं	एयरपोर्ट	1
टीमर	टीम	1
पत्रकाराज	पत्रकार	1
पलथ	पल	1
फैसलावीर	फैसला	1
मीनावी	मीना	1
जश्	ज	1
दीपकू0	दीपक	1
कुलक्षी	कुल	1
।मंज	।	1
आचार्यस	आचार्य	1
पीयवाल	पी	1
रू्लघ	र	1
आपका	का	1
संदीपपघुवनसिंह	संदीप	1
काचर0	का	1
डीडम	डी	1
हाुजरी	हा	1
विजय्ती	विजय	1
अै	अ	1
जिलों	जिला	1
छोटी	छोटी	1
कलाकारों	कलाकार	1
महोत्सव	मेला	1
कविताार	कविता	1
दौर	फिर	1
ऋ	ऋ	1
मंडीग्वे	मंडी	1
श्रावण	श्रावण	1
मुख्य	मुख्य	1
डीसी	डीसी	1
दंडद	दंड	1
प्रथम	शुरु	1
।ाधिकारीथि	।	1
रहे	थियो	1
शुभारंभेश्वर	शुरु	1
हुआ	।	1
ठाकुर्ल	ठाकुर	1
सिंहुलेरियाु	सिंह	1
इवी्लूमेलराम	इ	1
रोशनंदरा	रोशन	1
किरण	किरण	1
मना्लूशधी	मना	1
दीपकवी्लु	दीपक	1
मठेड़	म	1
जिला्लूास	जिला	1
बिलपुर	बिल	1
शहर्लू	शहर	1
खराष्णृ	खरा	1
बालकष्ण	बालक	1
शहीद्लूृ	शहीद	1
मिलष्णिट	मिल	1
अंतिम	अंतिम	1
राजकीयशान	राजकीय	1
सम्मानम	सम्मान	1
गोविंद	गोविंद	1
मंत्री्लू	मंत्री	1
तिर	तिर	1
थांगेष्णृ	थियो	1
हिमाचलड़ा	हिमाचल	1
फी	फ	1
पालंटपुरल	पाल	1
जिलांगम	जिला	1
मिलड़ा	मिल	1
कैिट	कै	1
एरिया	एरिया	1
का्री	का	1
गुट	ग	1
पानी	पान	1
हिमाचलपारका	हिमाचल	1
खै	खै	1
मसाला	मसाला	1
बिक्रीनी	बिक्री	1
गूगल	गूगल	1
मौसमं	मौसम	1
ोडतर	:	1
की	ब	1
तरु	-	1
करती	काम	1
बेटीक्क	ब	1
छट्टे	छ	1
दालोलेतरु़	दाल	1
ख	##िला	1
हैं	##ऊ	1
गे	-	1
।ोस्न्द	।	1
मजदूरुआ	मजदूर	1
ब	##ंध	1
राजस्थान	राजस्थान	1
0पी	,	1
आजगान	आज	1
दुनियाती	दुनिया	1
देखी	देख	1
बोलफ़	बोले	1
आजकलों	आज	1
करके	##ह	1
शैली	शैली	1
प्र	##ेत	1
कामत	काम	1
एड	एड	1
होमिशनिश	या	1
ज़	##़	1
देशमान	देश	1
नेतादार	नेता	1
आ्रोमित	##ह	1
तूती	तु	1
सरनीींदरिक	सर	1
सुम्रोमित	सु	1
हीी	-	1
कामंदर	कामे	1
रा्रो	रानी	1
काममिती्रो	कामे	1
का	##दी	1
नाकँ	नाक	1
साी	सा	1
सारांदरते	सारा	1
तुमने	##स	1
खोटेए	खो	1
तो	##से	1
तूी	तु	1
।ंदर	।	1
ायर	,	1
मेंकी	के	1
बापलज	बाप	1
कम0िस्ट	कम	1
हैिश	##ह	1
मामा्नर	##ुआ	1
पी0	पी	1
मेरालासायर	मेरो	1
रिट्क	रिट	1
जूनियरलरंुरा	जूनियर	1
जैसाींदर	ऐसा	1
सुखी	सुख	1
तो	##़े	1
डेढ़क्का	डेढ़	1
बालसकियल	बाल	1
फो	फ	1
ुर्ग	,	1
देसीारा	देसी	1
मब्री	म	1
ीी	:	1
ंदर	-	1
पेट्रोमित	पेट	1
न्द	-	1
तू्रोंगमित	तु	1
तेरे्रो	##रो	1
नहींंदर	##ई	1
लेती	##ंसे	1
स्रो	स	1
तूमित	तु	1
हूंींदर	##ं	1
स्ते	:	1
नम	न	1
कर	##ने	1
बहु	ब	1
थीी	थ	1
तारीफींदर	तारीफ	1
सिींदर	सि	1
वह	,	1
ंदर	##ह	1
बारेंही	बारे	1
ऐसा	ऐसा	1
ंदर्रो	-	1
सिमिती	सि	1
होकर	आई	1
माय	मां	1
मांके	आमा	1
सदी्रेंसवे	सदी	1
सर्विस	सर्विस	1
मोबाईलव	मोबाईल	1
माईंड	माई	1
टॉप	टॉप	1
आते	##ा	1
जीन	जीन	1
रिमोट	रिमोट	1
कामॉनक्	काम	1
इंटरनेटक्शन	इंटरनेट	1
वन्फ	,	1
फैशनरो	फैशन	1
स्कर्ट	स्कर्ट	1
चलते	चलते	1
मोुरु	मो	1
टुकड़े	टुकड़े	1
सूपोस	सूप	1
नहींऊगेज़	नहीं	1
ल्ेमो	,	1
मीनॉक	,	1
पासी	पास	1
शलियों	श	1
जूसटेल्ता	जूस	1
भट	भ	1
बर्	बर्	1
ढ	ढ	1
ेकगर	,	1
सूखे	सूखे	1
बाईकूिकक्श	बाई	1
ावटी	,	1
बोतलैप	बोतल	1
लेना	##ऐ	1
खाे	खा	1
में्लू	के	1
19स	19	1
अतिथि	अतिथि	1
इंदिरा	इंदिरा	1
महेशिंग	महेश	1
कमानंकर	कमान	1
जितेंद्र	जितेंद्र	1
बागाली	बाग	1
शड़ी	श	1
दिल्लीमारवें	दिल्ली	1
सांस्कृतिकंग	सांस्कृतिक	1
कार्यक्रमार	कार्यक्रम	1
संगीतड़ी	संगीत	1
टी	,	1
पहा	पहा	1
पहाार	पहा	1
धामज़	धाम	1
राणाण	राणा	1
कुलिंगबी	कुल	1
महाजीत	महा	1
कमान	कमान	1
सभार	सभा	1
चेयरमैन	चेयरमैन	1
सहि	सहि	1
राणा	राणा	1
सिंहवंकर	सिंह	1
ख़	##ुस	1
सफलता	सफलता	1
शुभारंभ	शुरु	1
श्री0	श्री	1
श्रीवर	श्री	1
बलपति	बल	1
पंचायतदेव	पंचायत	1
आईानी	आई	1
मनोहर	मनोहर	1
एसभ	एस	1
ठाकुरूषण	ठाकुर	1
सहयोगीप्	सहयोगी	1
पाठकटी	पाठक	1
शर्मांक	शर्मा	1
डिकोटिया	डि	1
ठाकुरके्षणानी	ठाकुर	1
विरम0रेनी्द्र	वि	1
रेखा	रेखा	1
गुप्तांद	गुप्ता	1
भावी	भावी	1
पूर्वना	पूर्व	1
प्रत्याशी	प्रत्याशी	1
स्थानीय	स्थानीय	1
भाजपा	भाजपा	1
पार्षद	पार्षद	1
रह	रह	1
अल्लाहज़म	अल्लाह	1
ान	'	1
म	'	1
गुना	गुना	1
तूुन	तु	1
तोजी	##स	1
संसदी	संसद	1
कुश्त	कु	1
औ	ला	1
दुनियाकात	दुनिया	1
पे	पांच	1
खेलों	खेल	1
ड़े	.	1
स्कूलौर	स्कुल	1
एम0बह	एम	1
गोल्डिस्ट	गोल्ड	1
मेट्रिकर	मे	1
1919	1919	1
मिश्राच	मिश्रा	1
रतन	र	1
मिश्राैं	मिश्रा	1
होते	कि	1
ब	बे	1
मिश्राह	मिश्रा	1
कॉम	कॉम	1
स्कूलक्स्प्लै	स्कुल	1
बातला	बात	1
आ	##खरी	1
शायदस	शायद	1
अंग्रेजी	अंग	1
दी	##ऐ	1
हिंदीपीगोल	हिन्दी	1
हमीरपुर	हमी	1
सैनिक	सैनिक	1
केगल	।	1
कर्नाटक	कर्नाटक	1
मुम्बईटट	मुम्बई	1
साथ	##ह	1
साथ	-	1
राजकुमारेश	राजकुमार	1
एप	ऐप	1
टिॉक	टि	1
बिहार00पी	बिहार	1
बादैक	पश्चात	1
।ंज	।	1
है	हैं	1
नृत्यशाला	नृत्य	1
माल्जा	माल	1
बागंिन	बाग	1
उसनेनक	।	1
अर्जुनपतिेसी	अर्जुन	1
हीेसी	##से	1
बजर	ब	1
पाल्ज	पाल	1
एक	##से	1
हुआ	##ह	1
अर्जुननकेसी	अर्जुन	1
काौ	का	1
माते	आमा	1
पूछने	पु	1
आँखेंो	आंख	1
भीमौ	भीम	1
खुश्रसेनपदी	खुश	1
प्रेमओ	प्रेम	1
पट	प	1
प्रेमट	प्रेम	1
प्रेमवारी	प्रेम	1
बातट	बात	1
प्रेमधीपार	प्रेम	1
न्यायधी	न्याय	1
प्रेमपा	प्रेम	1
बुन	ब	1
हैा	##े	1
मेंढ़	##ह	1
औराभिरा्नू	,	1
पदहुया	पद	1
सोढ़	सो	1
बाराँ	बार	1
लु	ल	1
‘गर्द	‘	1
लेनागाान	से	1
सू	स	1
उर्दून्रा	उर्दू	1
उर्दू	उर्दू	1
भूगोल	भू	1
फ्री	फ्री	1
मेंपि	##़	1
मास्टर	गुरु	1
ते	तेज़	1
किसनू	किस	1
डर	डर	1
।ाल	।	1
झ	से	1
कौन	को	1
गणितगोल	हिसाब	1
अंग्रेजीयोजब	अंग्रेजी	1
जाता	##ह	1
जनवरी	जनवरी	1
भूस्ैकगोल	भू	1
मेंंटी	##मे	1
कराना	थियो	1
प्रिपल	प्र	1
ज़	“	1
हारी	हा	1
वाला	##ोस	1
मास्टरे	गुरु	1
मिल	म	1
सिंहफल	सिंह	1
हिमाचललन	हिमाचल	1
नम्बर	नम्बर	1
हिसाबजनविगोल	हिसाब	1
फेलगोल	फेल	1
।वि	।	1
डिजन	डि	1
नंबररा	नम्बर	1
के्रिक	##ह	1
आगे	आगे	1
लाईन	लाईन	1
फील्ड	फील्ड	1
पत्रकारिता	पत्रकारिता	1
ऑल	ऑल	1
प्रदेशाध्यक्ष	प्रदेशाध्यक्ष	1
ऐ	##ह	1
दयाथर्डम्ल	दया	1
ऑहि	ऑ	1
संस्थापकमज़	संस्थापक	1
शंकरिल	शंकर	1
आर्टर्स	आर्ट	1
अवशनलंड	अव	1
संस्थापक्म	संस्थापक	1
फ़राजनी	फ़	1
बलिल	बल	1
।कार	।	1
साल्ड	साल	1
लगातारन्द्र्	लगातार	1
गिड	ग	1
संस्थापकिलेंट	संस्थापक	1
बादथर	##छ	1
मरर्दिबुस्ज़	मर	1
काथर्थीाओं	।	1
लालल	लाल	1
थर	थर	1
जी	##ी	1
सिंहुलावि	सिंह	1
ग़	गुरु	1
पीछेजन	##छ	1
फोटो	फोटो	1
नलको	न	1
आिन्	आ	1
िंदगी	,	1
सड़ों	स	1
हजारोंन्ने	हजारों	1
खुद	परमेश्वर	1
न	##्का	1
पु	##न्ना	1
होंपिखरीदयरंशी	##ं	1
श्टन	श	1
हो	,	1
चाैक	चा	1
होंदेव	या	1
लेखकह	लेखक	1
श्रीी	श्री	1
हैंन्ने	##क	1
ु	"	1
कुोंमुखरीी	कु	1
देवद	"	1
पन्न	प	1
ाली	"	1
दीपंकर	दीप	1
ईमानदारीरा	ईमानदारी	1
पंजाबील	पंजाबी	1
हिंदीज़	हिंदी	1
उर्दू़	उर्दू	1
मैगट	मै	1
इगज़	इ	1
मैजीण्डले	मै	1
कवितानों	कविता	1
ीन	,	1
मेरीियाग	मेरो	1
इंटर	इंटर	1
गजीनै	ग	1
रिपोर्ट	रिपोर्ट	1
इियार	इ	1
जसण्ड्ट	जस	1
अवार	अ	1
जर्नलटर	जर्नल	1
राईिस्ट	राई	1
स्वतंत्र	स्वतंत्र	1
रचनापती	रचना	1
निरंतर	लगातार	1
कार्टूनवंत	कार्टून	1
अखबारिस्टौंी	अखबार	1
हिटा	हि	1
हिमाचलिबम	हिमाचल	1
बॉलीवुडर	बॉलीवुड	1
इफान	इ	1
खानब	खान	1
एक्ट	एक्ट	1
लाजफानरिंग	लाज	1
जिऩ्ं	ज	1
वालेते	##ला	1
्ल	'	1
खाना	##खा	1
कहतीुगर	बोल	1
नहीं	##ऐ	1
के	साल	1
तेलना	तेल	1
पपी	प	1
।ाई	।	1
आजकल0	आज	1
खुदर्सार	आफु	1
कलराo	कलर	1
ना	'	1
्म	'	1
विन्द्र	वि	1
ौली	'	1
डा	ड	1
मि	'	1
करोड़ोंढी	करोड	1
करोड़	करोड़	1
तिवारी्वे	तिवारी	1
अंग्रेजीोल	अंग्रेजी	1
दसारी	दस	1
्यु	'	1
सीधादा	सीधा	1
साली	सा	1
राशन	राशन	1
चक्करिंग	चक्कर	1
विौली	वि	1
राखी	राखी	1
ड्रामा	ड	1
वे	ते	1
छू	छ	1
मोज्ज	मो	1
क्याए	?	1
।तेूंक	।	1
बाजारूंक	बाजार	1
छम्ू	छ	1
अज्ज	ब	1
झाड़	ब	1
तोूंक	##ह	1
छूज्जमाँ	छ	1
छूज्ज	छ	1
चुका	##ऐ	1
रिश्तों	रिश्ता	1
पार्वती	पार्वती	1
लापरवाही	लापरवाही	1
फिर्रीफबिक	##ा	1
सी	,	1
नह	न	1
केर	-	1
मजा	कब	1
्लवी	'	1
नीगी	नी	1
गुप्तां	गुप्ता	1
जीतूिका0	जीत	1
अनी	अनी	1
विवेक	विवेक	1
पवित्रबल	पवित्र	1
ल	,	1
किरणदी	किरण	1
सरोजोद	सरोज	1
अलिया	अल	1
स्वन	स्व	1
रैली	रैली	1
्ध	,	1
रूमजाजमत	रूम	1
लस	ल	1
ीका	,	1
क्की	,	1
कुलदीप	कुलदीप	1
सुनील	सुनील	1
नूर्कुम	,	1
सहिी्र	स	1
रजित	र	1
सुरेश	सुरेश	1
ूदहु	,	1
ुति	,	1
काका	काका	1
नीि	नी	1
अरू	अरू	1
रू	,	1
नीजीत	नी	1
टीबत्ती	टी	1
चावलनप्तम	चावल	1
डॉक्टरनी	डॉक्टर	1
सुमनटनी	सुमन	1
पवनूयना	पवन	1
गुप्ता्तंती	गुप्ता	1
राजीरज	राजी	1
शाहमो	शाह	1
हेमंत	हेमंत	1
मनमोहन	मनमोहन	1
शर्माा	शर्मा	1
वटम्हन	व	1
सरल	सरल	1
अनिलरजश	अनिल	1
शरणश	शरण	1
आजेगा	आज	1
हैु	।	1
ऋषिफान	ऋषि	1
श्रद्धांजलि	श्रद्धांजलि	1
ऋषिफा	ऋषि	1
इनर	इ	1
कपूऱ	कपूर	1
एक्ड	एक	1
अग्रणी्	अग्रणी	1
संस्थाथरिल	संस्था	1
प्रदान	प्रदान	1
नव	नव	1
हजारोंोदित	हजारों	1
रजिस्टर	रजिस्टर	1
साहित्यिक्ड	साहित्यिक	1
साहित्यकारदेव	साहित्यकार	1
वरिष्ठ	वरिष्ठ	1
संस्थापकी	संस्थापक	1
बाग्डिल	बाग	1
एसाना्ड	एस	1
एचैपंग	एच	1
संरक्षकड़ा	संरक्षक	1
चंद्र्टर	चंद्र	1
प्रबा	प्र	1
एायरभात	ए	1
अध्यक्षिका	अध्यक्ष	1
उर्दूज़	उर्दू	1
डॉक्टराली	डॉक्टर	1
हमीभा	हमी	1
आरैप0	आर	1
केंता	##ि	1
अध्यक्ष्टर	अध्यक्ष	1
डॉा	डॉ	1
च्टर	च	1
अध्यक्षैप	अध्यक्ष	1
ठाकुरडम	ठाकुर	1
वर्तमानता	वर्तमान	1
चैप	च	1
अजय	अजय	1
अध्यक्षौरदम्टरवि	अध्यक्ष	1
चवी	च	1
ऑफेंट	ऑफ	1
दीपकैप	दीपक	1
कुलज़	कुल	1
ग्टर	ग	1
ऑफज़	ऑफ	1
गिलथर	ग	1
कवि्ड्	कवि	1
पारदर्शी	पारदर्शी	1
ऑिल्थर	ऑ	1
शथर्डेरी््लूम	श	1
ऑफशी	ऑफ	1
जिलािल	जिला	1
सदन	सदन	1
दिल्ली्लूथरु	दिल्ली	1
मना्ड	मना	1
8्ंतर	आठ	1
अड्डेली	##ड्डा	1
पीछे	##ि	1
हवाईज़	हवाई	1
मुख्यालय	मुख्यालय	1
किलोमीटरवे	किलोमीटर	1
ऑ्थरिल	ऑ	1
मस्तमंदष्ठट	मस्त	1
सुुा	सु	1
अरविंद0	अरविंद	1
सत्य0	सत्य	1
तब	तब	1
कोड	कोड	1
सूरतटशि	सूरत	1
इोद	इ	1
सुरेशटन	सुरेश	1
निराश	निराश	1
सिचंद्र	सि	1
सतीशक्कापुर	सतीश	1
चंद्र	चंद्र	1
णी	,	1
दर्शनगरपाल	,	1
द़ा	द	1
गद	ग	1
प्रिय	प्रिय	1
ठाकुरवा	ठाकुर	1
गणेश	गणेश	1
डॉु	डॉ	1
परमवि	परम	1
शर्माौ	शर्मा	1
डॉक्टरभातजड़	डॉक्टर	1
पुनार	पुन	1
ललितद्ंद	ललित	1
शर्मावाॉड	शर्मा	1
मु	,	1
सुषमाद्	सुषमा	1
शर्माज	शर्मा	1
बीिया	बी	1
इाना	इ	1
भारंदर	भार	1
गोयल	गोयल	1
सुशील0ांक	सुशील	1
वीत	व	1
गोपाल	गोपाल	1
राजनीति	राजनीति	1
होबाजी	##़	1
बयान	बयान	1
बिनावी	बिना	1
मुक्ति	मुक्ति	1
गोकुल	गो	1
देखकर	देखे	1
राे	रा	1
तुमधिक	तु	1
कुद	कु	1
फूल्हामु	फूल	1
30डी	तीस	1
गौतमायर0	गौतम	1
अप्रैल	अप्रैल	1
हमीूसीरपुर	हमी	1
गए0	।	1
रतन0	र	1
न	सि	1
लखनऊपर	लखनऊ	1
कटे	काट	1
स्	स	1
हैं	##िस	1
प्रकृतििलवा	प्रकृति	1
लिया	सबक	1
िज्जा्ता	,	1
दीपक्ता	दीपक	1
दुनियाल	दुनिया	1
गज़	ग	1
आरीुरख़	आ	1
कानून	कानुन	1
खोल	खुल्या	1
जाती	बि	1
शायर	श	1
बूट	बोट	1
गांधीर	गांधी	1
शांति	शान्त	1
खतरनाकरलप्	खतरनाक	1
केाह	##ऐ	1
तोुदँ	ता	1
काा	का	1
के	##श	1
दुनिया़	दुनिया	1
दो	##ओ	1
दुनियाी	दुनिया	1
फ़	फ	1
कीदरिया	।	1
तोझरुआ	।	1
ठेकेु	ठ	1
कि	टा	1
रामगडूु	राम	1
झ	##ह	1
कांड	का	1
हो	होत	1
रहे	##़े	1
चुके	##़े	1
सत्यनंद	सत्य	1
पापतानै	पाप	1
रही	रही	1
आंखोंा	आंख	1
हेयर	हेयर	1
हाथोंहंदी	हाथ	1
खासकररपुर	खासकर	1
हमीांग	हमी	1
सागर्ट	सागर	1
अरबगलउ	अरब	1
आठरते	आठ	1
मोियाँ	मो	1
बाबानाथ	बाबा	1
मोर	मो	1
दीपके	दीपक	1
पुजारी	पुजारी	1
जड़ी	बूट	1
यार	##ह	1
बलात्कार	बलात्कार	1
निर्मल	निर्मल	1
बिगड़	बिग	1
बेटे	बेटा	1
तालानिब	ताल	1
एं	ए	1
ख़ारामज़	ख	1
मेरीुशी	मेरो	1
कोतर	।	1
समर्थक	समर्थक	1
गई	##िस	1
डे	दि	1
खाएल	खा	1
मेट्रो	मेट्रो	1
भ्रष्टाचारियों	भ्रष्टाचार	1
पांचार	पांच	1
टुपर	ट	1
बिनात	बिना	1
भ्रष्टाचार	भ्रष्टाचार	1
दिल्लीों्व	दिल्ली	1
सीलिंग	सील	1
लो	##ओ	1
खा़्त	खा	1
दीपक्ल	दीपक	1
अनमोलतन	अनमोल	1
होती	##ेन	1
श्रीलंका	श्रीलंका	1
कर्नाटकगल	कर्नाटक	1
मुम्बईट	मुम्बई	1
कुलट	कुल	1
पुलिसंडा	पुलिस	1
जाएगा	##ेस	1
एपॉक	ऐप	1
यू00पी	यू	1
आजशाला	आज	1
माल	##लक	1
सोेसीिननक	सो	1
अर्जुनपजरको	अर्जुन	1
रहींिनस्जाबरा	।	1
यह	##ई	1
अप	बल्कि	1
सेब	##से	1
कु्जां	कु	1
कु्जा	कु	1
भेेसीनकष	भ	1
उसने	##ोस	1
दियापति	##ुम	1
पागलनक	पागल	1
हुए	##न	1
अर्जुनजर	अर्जुन	1
कनक	का	1
अर्जुनेसीनक	अर्जुन	1
ौ	##ये	1
क्याे	कि	1
माँो	आमा	1
ड़ा	?	1
सोता	सु	1
भीमौपदी्रसेन	भीम	1
नेट	।	1
प्रेमवारीट	प्रेम	1
फिर	##ा	1
बताता	बोले	1
उसने	##छ	1
।ुन	।	1
जामपारट	जाम	1
आयाश	आ	1
कुमारुनधी	कुमार	1
देखापार	देखो	1
न्यायश	न्याय	1
प्रेमपार	प्रेम	1
बश	##ु	1
ाट	!	1
पदहभिरा	पद	1
कर्म्नुया	कर्म	1
औराू	,	1
लो	##मे	1
वोटंा	वोट	1
ु	!	1
तूने	तु	1
थीं	थियो	1
राजनीतित	राजनीति	1
चालुस्	चाल	1
सिंहगार	सिंह	1
होमतु	होम	1
ही	के	1
करके	##ा	1
होमी	होम	1
ते	ते	1
विभागगारहरा्ड	विभाग	1
छ	##छ	1
चन्द	चन्द	1
प	##क्का	1
आशाला	आ	1
छानन	छान	1
रुपया	रुप	1
गया	आ	1
बुकिंग	बुकिंग	1
करके	।	1
सातियां	सात	1
दोनोंु	दुई	1
बाराहितरो	बारा	1
शेषहा	बाकी	1
।त	।	1
।	##़	1
चरतु	च	1
वाले	।	1
ही	##ऐ	1
डु	ड	1
अमृतसर	अमृत	1
प्ररास	प्र	1
अमृतै	अमृत	1
।िंदासर	।	1
किराया	किराया	1
तथा	##ई	1
दोै	दुई	1
रामरह	राम	1
भगतस	भगत	1
वाले	##्या	1
सीटठा	सीट	1
संट	##र	1
लनेुध	ल	1
न्धरिया	,	1
धर्मशाला	धर्म	1
चँग	च	1
म्बा	,	1
देखता	पा	1
नारायणसर	नारायण	1
अमृतटा	अमृत	1
नरणाय	नर	1
घसर	घण्टा	1
नारायणकू	नारायण	1
हो	आ	1
प्लेट	प्लेट	1
छाप	छाप	1
प्रस	प्र	1
नारायणै	नारायण	1
वा	वा	1
छु	##क	1
ड	##ह	1
भी	##यो	1
दत्तड़ी	दत्त	1
के	##ु	1
जम्मू	जम्मू	1
एके	एक	1
।टठानको	।	1
गा	गाडी	1
घण्टा	घंटा	1
रही	था	1
थाठा	थियो	1
ड़ी	!	1
थाठाट	थियो	1
।ठा	।	1
हीगररान	ही	1
ब्रेक	ब्रेक	1
रेलगा	रेल	1
घ	घंटा	1
हाजरी	हा	1
वाली	##ह	1
आपकोपीठ	तुम	1
आदिुण	आदि	1
मवानी्ड	म	1
चण्ड	च	1
शाहठापुरशालानको	शाह	1
दरीण	दर	1
राष्ट्रीयीट	राष्ट्रीय	1
लिंक	लिंक	1
मार्ग	मार्ग	1
किलोमीटरीीन	किलोमीटर	1
केरम	।	1
लिंकल्	लिंक	1
घनहा	घन	1
जंगल	जंगल	1
शाहपुर	शाह	1
14वीं	14	1
चत	च	1
दोिन्	दुई	1
जो	जोडा	1
हेे	ओह	1
करते	##े	1
ब्राह्मणधन	ब्राह्मण	1
शताब्दीवीं	शताब्दी	1
14	14	1
गएभ	##िये	1
जिलाम्बास्त	जिला	1
र	##िया	1
खस्तंग	ख	1
केड	##़	1
च्डड़ाम्बा	च	1
गजिया	ग	1
स्तह	,	1
टी	ट	1
चल्िया	च	1
रम्बा्ले	र	1
माताश्वर	माता	1
सिंहघीस्त	सिंह	1
र	राज	1
चियाम्बा	च	1
राजाश्वर	राज	1
कोी	।	1
सिंह्ले	सिंह	1
हाथागार	हाथ	1
कारती	कार	1
ागार	,	1
बच	वचन	1
आप	##ं	1
इस	का	1
कार	##ागार	1
करवा	##़ा	1
माँ	मां	1
बातश्वर्ले	बात	1
राजाी	राजा	1
ही	-	1
अत्याचार	अत्याचार	1
प्रार्थना्ले	प्रार्थना	1
माताी	माता	1
तलश्वर	तल	1
मुक्तागार	मुक्त	1
राजाागार	राजा	1
बाददारों	बाद	1
पहरे	प	1
विश्वासशाह	विश्वास	1
पघी	प	1
बादिहरे	बाद	1
सिंहशाहल्	सिंह	1
हैदारागार	का	1
मतान	म	1
ूरघी	?	1
सुल्	सु	1
नेहरे	##े	1
हो	##न	1
राजादारोंतान	राजा	1
बोलाशाहुगल	बोल	1
दोबारा	दोबारा	1
सिंहागार	सिंह	1
ठीकुगल	ठीक	1
नेशाह	##े	1
कहाुगल	बोल	1
राजनगेठ	राजन	1
फुटशाह	फुट	1
नेला	##े	1
मठशाहुगल	म	1
अनुसार	मुताबिक	1
फुट	फुट	1
को	पार	1
देवीत	देवी	1
किघी	कि	1
देखता	देख	1
मेशाहक्षा	मे	1
सिंहं	सिंह	1
सिं	सि	1
देवीघ	देवी	1
कृपाघीला	कृपा	1
मेघी	मे	1
सिंहशाहुगल	सिंह	1
माँगान	माँ	1
कृपा	कृपा	1
टल्	ट	1
कीह	का	1
कीष्ट	##ह	1
माँानी	माँ	1
हेभव	ओह	1
ने	राज	1
आकाशते	आकाश	1
हेवाणी	ओह	1
प्रमाण	प्रमाण	1
कि	,	1
पुजारीँच	पुजारी	1
आदि्ानी	आदि	1
राजाभव	राज	1
पूजातु	पुजा	1
राजहल	राज	1
माताम	माता	1
वे	##ऐ	1
बिमी	बा	1
मेंष्ट	।	1
मेलेक्रा	मेला	1
सं	सं	1
दूरह	दूर	1
माताल्	माता	1
चाी	चा	1
माँमु	माँ	1
देवीण्डा्ले	देवी	1
कालाल्लेह	काला	1
तल्लेिणी	तल	1
माताध्डी	माता	1
उद्	उद्	1
जिलालीम्बा	जिला	1
रामंग	राम	1
रना	रन	1
हटरेट	हट	1
बादश्वरोट	##छ	1
रन	रन	1
टह	ट	1
हेेश्वर	ओह	1
मातल्	मात	1
पांड	पा	1
हिमाचलुर	हिमाचल	1
लोकवों	लोक	1
प्रदेश्धारी	प्रदेश	1
अर्जुना	अर्जुन	1
वाला	##से	1
नेौ्र	##े	1
रोकने	रोक	1
आबल	आ	1
भरे	फुल	1
केप	।	1
आदेशको	हुक	1
महाराजजर	महाराज	1
यात्री	यात्री	1
।हैया	।	1
उससे	ते	1
चोरी	##ि	1
कु्जाब	कु	1
उसे	।	1
गयाेसी	##ह	1
कठिनाई	मुश्किल	1
कोई	##छ	1
बिाजीक्रम	बि	1
थे	##ं	1
ते	!	1
उसनेह	##स	1
गरीबे	गरीब	1
राजाक्रम	राजा	1
भ	बा	1
गँच	##ि	1
खालीौलत	खाली	1
हाथू	हाथ	1
हेम	ओह	1
चड़गा	च	1
द	!	1
परीक्षण	परीक्षण	1
करता	##ने	1
उलू	उ	1
हे	!	1
च	##ुस	1
मेरेपल	मेरो	1
िल	,	1
कबारूत	कब	1
।रों	।	1
होे	##ा	1
सेी	##े	1
सु	से	1
माँंजन	आमा	1
ही	##ये	1
माँगी	माँ	1
ईश्वरिया	परमेश्वर	1
भगवान	परमेश्वर	1
ग	##ऐ	1
भजनँच	भजन	1
के	##ं	1
बूबल	ब	1
गया	##ह	1
पुलिसियाँ	पुलिस	1
प	खा	1
द	##हेज	1
फोनओ	फोन	1
वह	##ऐ	1
दिया	देन	1
देती	##ं	1
पेपर	पेपर	1
एकम	##ं	1
पाडर	पा	1
खेलते	खेले	1
जेक	जे	1
आवरण	आवरण	1
गोंद	गोंद	1
में	##त	1
संघीय	संघीय	1
खुशी	##ुस	1
3िंग	त्	1
थानी	थियो	1
बिम	ब	1
रहे	##दे	1
जीपीएस	जीपीएस	1
पैसे	रुप	1
हूँ	##ह	1
न्कस्ते	##म	1
होमवर	होम	1
तेजकिल	तेज़	1
देशज	देश	1
लोकैप	लोक	1
शास्त्रीय	शास्त्रीय	1
तेलता	तेल	1
बल्कि	बल्कि	1
किट	किट	1
उत्पाद	उत्पाद	1
आकर्षक	आकर्षक	1
पार्टल्लो	पार्ट	1
जॉब	जॉब	1
लय	लय	1
सुस्त	सुस्त	1
हिस्सा	हिस्सा	1
प्रमुख	प्रमुख	1
व्यवसाय	व्यवसाय	1
वह	थ	1
मदद	सहायता	1
मेरी्व	मेरो	1
को	देखि	1
प्रेमिका	प्रेमिका	1
हट	हट	1
स्कूल्जा	स्कूल	1
अवकाश	अवकाश	1
आधारितशियलें	आधारित	1
करियर	करियर	1
यॉर्काइन	य	1
माँव	आमा	1
हटिज्जा	हट	1
बता	बोले	1
छात्र	छात्र	1
सूक्ष्म	सूक्ष्म	1
आगार्म	आग	1
अटल	अटल	1
हैा	।	1
मुश्किलंटा	मुश्किल	1
पार्टीट	पार्टी	1
यात्राland	यात्रा	1
puerto	puerto	1
पर	या	1
rico	rico	1
alaba	alaba	1
इटालियन	इ	1
इस्तेमाल	इस्तेमाल	1
के	##मे	1
्र	,	1
गुलाबीय	गुलाबी	1
फ्लोड	फ	1
के	से	1
रहा	##ं	1
के	##दगी	1
पुरानेप	पुरानो	1
गेमस्ैनिक	गेम	1
केकलीटथंडी	केक	1
हाएल	##ह	1
अहंकार	अहंकार	1
केकन	##ि	1
सेंाय	सें	1
बारेियाँंजन	बारे	1
लिए	लिए	1
माध्यम	माध्यम	1
मेरी	मेरी	1
छात्रों	छात्रों	1
वर्ग	वर्ग	1
सुपर	सुपर	1
स्पोर्ट्स	स्पोर्ट्स	1
गाय	गो	1
की	क	1
ठीक़्रेसिज	ठीक	1
वजन	##ज़न	1
सार्वजनिक	सार्वजनिक	1
परिवहन	परिवहन	1
खेलेट	खेल	1
इस	आज	1
खेलने	खेल	1
डायल	डायल	1
लि	,	1
बॉल	बॉल	1
बासेट्कता	बास	1
आजसान	आज	1
आप	##़	1
टंटीो	ट	1
एक	के	1
स्थिति	हालात	1
औपचारिक	औपचारिक	1
सुधारल	सुधार	1
अक्सर	हमेशा	1
कोर	,	1
हैन	आफु	1
एकांटउेंट	एका	1
रुक	रुक	1
स्कूलिका	स्कुल	1
संगीतकार	संगीतकार	1
रहा	व्यवसाय	1
शिफ्ट	शिफ्ट	1
डिज़ाइन	डिज़ाइन	1
कैली	कै	1
को	##िस	1
ह	हाथ	1
गर्म	गरम	1
राज्य	मुलुक	1
गुडिया	गुड	1
एक	##ु	1
गुडलसफ	गुड	1
स्वयंसेवक	स्वयंसेवक	1
ैप	,	1
आंकड़ा	##ंक	1
हॉकी	हॉकी	1
ड्राइवश	ड्राइव	1
रोलिंगटोन	रोलिंग	1
मोबाइल	मोबाइल	1
ट्रेडल	ट्रेड	1
हूं	सि	1
प्र	##साधन	1
का	बि	1
मॉल	मॉल	1
सौंदर्य	सौंदर्य	1
ह	हां	1
आयैंड	आय	1
ऑस्ट्रेलियारल	ऑस्ट्रेलिया	1
ireland	ire	1
अगला	अगला	1
भक्ति	भक्ति	1
दैनिकपूर्ण	दैनिक	1
खेलतेुटबॉल़	खेल	1
मैिकोैली	मै	1
अस्पतालों	अस्पताल	1
लंग	ल	1
शानदार	शानदार	1
वाह	?	1
www	www	1
com	com	1
खेला	खेल	1
हाँ	हां	1
एजेियां	ए	1
टवल्रैंस	ट	1
जुन	जुन	1
रिकॉर्ड	रिकॉर्ड	1
फर्नीचर	फर्नीचर	1
आप्जा	आफु	1
इंटरनेट्फ	इंटरनेट	1
डीसीशिंगटन	डीसी	1
किया	किया	1
पोषणएं	पोषण	1
पेशा	पेशा	1
ग	-	1
अधिवे	अ	1
अधिकृत	अधिकृत	1
बताना	बोल्न	1
हालफगिट	हाल	1
दूर्फ	दूर	1
शहरोंओकेदर्शन	शहर	1
ुजरा	,	1
भारतिलबाद	भारत	1
म्ना	म	1
पाकिस्तानुन	पाकिस्तान	1
सबक	सबक	1
के	##के	1
ओ	##ओ	1
इंसान	इंसान	1
डेरू	डे	1
कहंग	कह	1
मचर	मच	1
मददर	सहा	1
कहनें	बोले	1
ब्लडोन	ब्लड	1
हाथोंहंदीई	हाथ	1
रिश्ताल	रिश्ता	1
बेसा	बे	1
होता	##नीय	1
पवित्रनीय	पवित्र	1
जिंदगीया	##दगी	1
माँरत	मां	1
कुलवी	कुल	1
दीपकु	दीपक	1
दिवसृम	दिवस	1
गंगाना	गंगा	1
भूलतेए	बि	1
ना	मेरो	1
बिनरी	बिना	1
क्षण	पल	1
जिस	जिस	1
य	आप	1
बादिसण्ड	##छ	1
एमिट	एम	1
नई	नई	1
दान्स	दान	1
रिसर्च	रिसर्च	1
दिल्लीियाडिकल	दिल्ली	1
्यूट	(	1
साइंस	साइंस	1
ऑलंस	ऑल	1
ऑफ्ट	ऑफ	1
टीपाल00	टी	1
थीौ़ी	थियो	1
टु	टु	1
नेटवर्क	नेटवर्क	1
‘डे	‘	1
मेरीं	मेरो	1
जी	##़ी	1
प्रदूषण	प्रदूषण	1
पापं	पाप	1
आमिरक्ट	आमिर	1
ऎानिग	ऐ	1
कटिंग	कट	1
बोली	##रे	1
ले	,	1
कंदम	कं	1
विडियो	विडियो	1
तुम	##ियो	1
कहनाखरेला	बोल	1
ढु	ढ	1
ीला	?	1
निकले	निकल	1
अमा	##ं	1
टफीॉ	ट	1
उसकी	##़े	1
कानकडी	।	1
काम्रा	काम	1
टंस	ट	1
रुपए	रुपए	1
दिड़ीहाच्ची	दि	1
तीसस	तीस	1
लेंगे	##गे	1
टफी	ट	1
लेखक0	लेखक	1
पुरानाँगड़ामैन	पुराना	1
कैमरा	कैमरा	1
शूटिंग	शूटिंग	1
एलब	एल	1
कीुटिया	##ी	1
रिलीज़ोत्सव	रिलीज़	1
वार्षिक	वार्षिक	1
दिसंबर	दिसंबर	1
सुद्	सु	1
मितवा0	,	1
राज0ज	राज	1
गायक	गायक	1
भर	भर	1
एस0	एस	1
दिव्य	दिव्य	1
रोलइन	रोल	1
एलम	एल	1
गायह	गो	1
रामायण	रामायण	1
दांतगी	दांत	1
दोढ़	दुई	1
का	असर	1
कोरोना	##ोन	1
पर्यटन	पर्यटन	1
लाखोंलु	लाखों	1
श्रद्धा	श्रद्धा	1
कुलशाला	कुल	1
पर्यटक्वें	पर्यटक	1
शिमलाज़्लूरकचर	शिमला	1
एडनींडानेस	एड	1
मनाम	मना	1
आर्थिक	आर्थिक	1
उन्नति	उन्नति	1
वालीिडी	।	1
ियत	:	1
रहेा	दिये	1
देगा	दिये	1
करा	##ि	1
बिनाा	बिना	1
यूपी	यू	1
काम0	काम	1
वालों	##़े	1
त	-	1
व्हा	व्हा	1
मैसेजएट्स	मैसेज	1
ं	:	1
स्टोरलदा	स्टोर	1
ंगे	:	1
लाएओं	ला	1
मो	मां	1
रमान	र	1
का	##िस	1
हिंदू	हिंदू	1
बोलतेग	बोल	1
दोगो	दुई	1
संक्रमण	संक्रमण	1
मक	म	1
मस्जिदबाद	मस्जिद	1
देह	देह	1
शुरूली	शुरु	1
पारा	पारा	1
कुलको	कुल	1
ना	-	1
ढ्लूुल	ढ	1
कोू	##़	1
तू्न	तु	1
सें	सें	1
लीच	##ह	1
आजुरी	आज	1
मैंने	##़	1
टनंसलेश	ट	1
आरक्षणट	आरक्षण	1
पटेल	पटेल	1
का	##ी	1
कुलब्य	कुल	1
चंाली	चं	1
मीठी	##ठो	1
सार	सार	1
जाएंगे्यू	##िये	1
ब्लटी	ब	1
पारर	पार	1
सुरी	साफ	1
हैवीनलो	है	1
सि्सनेक्स	सि	1
लॉ	लो	1
स्टोररीमै	स्टोर	1
एन्य	ए	1
कोनेवे	कोने	1
पाय	पाय	1
खरीदारीिज	खरीदारी	1
्टीरी	:	1
बिनाारा	बिना	1
भविष्यवाणी	भविष्यवाणी	1
जाएंगे	##िये	1
धार्मिक	धार्मिक	1
दोा	दो	1
होगी	##ह	1
कहें	बोल	1
मुक्त्लू	मुक्त	1
द्वार्लून्तर	द्वार	1
144	144	1
गई	लागु	1
ग्राउंड	ग्राउंड	1
बसड्डा	बोस	1
रॉर्डचा	र	1
बढ़ियाश	बढ़िया	1
धी	##ह	1
आर्डर	आर	1
मै	मे	1
देडम	दे	1
उल्लंघन	उल्लंघन	1
आगडर	आग	1
सेवा	से	1
रहे	##ते	1
रहे	##़	1
बसे	बोस	1
म	मां	1
वास	वा	1
बतरी	ब	1
परसे	पर	1
बढ़ोतरी	बढ़ोतरी	1
सतरत्ंट	स	1
बीससैटच्ची	बीस	1
प्रतिशत	प्रतिशत	1
शराबी	शराब	1
पार्ट	पार्टी	1
प्लसज़	प्लस	1
मीठादर	##ठो	1
अंग	देह	1
बहिना	ब	1
उसने	##े	1
राजकुमारीनी	राज	1
कानोरा	कान	1
उसने	तिन	1
गरीबढंवर	गरीब	1
राजदर	राज	1
आरम्भवर	शुरु	1
राजकुमारींज	राजकुमार	1
काी	का	1
प्ँ	गिलास	1
करने	प	1
राजकुमारी	राजकुमार	1
उपरजी	##छ	1
कात	के	1
प्रसन्न	खुसी	1
।क्रमम	।	1
दस्तावेजद्दमें	दस्तावेज	1
स्वागतुक	स्वागत	1
के	##़े	1
सुनाईद्दुक	सुना	1
मद्दमाुक	म	1
मायाक्रमक्रम	माया	1
ुक	!	1
मायाक्रम	माया	1
जिन्दगी	##िन्	1
ात	!	1
राजन्मा	राज	1
म	##ुक	1
आज़	आज	1
प	##ख्या	1
ू	"	1
कामद	काम	1
खाबर	खा	1
मीरा	मीरा	1
ट्रक	ट्रक	1
से्टर	##े	1
गए	थ	1
लगातेगा	।	1
प्रहरी	प्रहरी	1
परेशान	परेशानी	1
युगधु	युग	1
निर्माणंधांध	निर्माण	1
ज्ज	?	1
श्यामःला	श्याम	1
कल्पनायी	कल्पना	1
कामोंणी	काम	1
चावल	चावल	1
इंदिराा	इंदिरा	1
लक्ष्मीत्रा	लक्ष्मी	1
26सेना	26	1
वायु	वायु	1
आई	##ि	1
स्वराज	स्वराज	1
सुषमा	सुषमा	1
पीितर्व	पी	1
प्रतिभाड़	प्रतिभा	1
परिः	परि	1
दु्यवहार	दु	1
प्रति	##ह	1
करते	बोल	1
ेत्र	।	1
माँजक	माँ	1
नवरा	नवरा	1
महाविद्यालय	महाविद्यालय	1
फड़	,	1
शोषण	शोषण	1
लक्ष्मी	लक्ष्मी	1
स्वयं	आफु	1
कीनाुन	-	1
परिवार	परिवार	1
ईश्वरू	ईश्वर	1
सा	##ोट	1
मांढी	आमा	1
को	##न	1
देता	दें	1
ले	##े	1
र	##ि	1
माँ़	मांग	1
तूसा	तु	1
़ित्रढी	,	1
साव	साव	1
प्रकृतिा	प्रकृति	1
कर	ख	1
जोुरो	के	1
मंगलडोर	मंगल	1
दादासई	दाद	1
दुनियाुश	दुनिया	1
से	##ा	1
फिरगा	##बार	1
रामध	राम	1
पानी्दसन	पानी	1
तर	##र	1
रामस	राम	1
दौलत	द	1
कंू	कं	1
थाौलतू	।	1
खठा	दुख	1
।नी	।	1
के	##ऐ	1
उसनेठाला	।	1
सेनी	से	1
विद्यालय	स्कुल	1
खतरनाक	खतरनाक	1
सा	सांप	1
खुला	खुल	1
फ्री	फ्रिज	1
भरा	फुल	1
साथज	साथ	1
हुई	।	1
आनंद	खुश	1
थीं	,	1
लालगर	रातो	1
हैं	हे	1
हुई	##ज	1
कै्रैरिंक	कै	1
जजप्यो	जज	1
र	फिर	1
माफी	माफ	1
करते	##ए	1
मांग	##ह	1
ओ	आई	1
खुशकून	सुख	1
लाच	लाच	1
प्रदान	दे	1
देशुश	देश	1
वो	।	1
ट	रेल	1
हैं	##ह	1
जाते	##छ	1
।़	।	1
तो	त	1
सुकीी	सु	1
कुहान	कु	1
बकवास	बकवास	1
है	यु	1
डाली	##ई	1
सुीहान	सु	1
चुनौती	चुनौती	1
मांगीी	माग	1
भविष्यहान	भविष्य	1
राधाज़ार	राधा	1
राधाैटहना	राधा	1
द	दे	1
भैया	भ	1
बोल्याह	बोल	1
ते	##चे	1
गौरीु	गौरी	1
बोलए	बोल	1
ए	ई	1
अपने	##ह	1
बेटा	बेटा	1
ने	##ुए	1
रघ	र	1
अम्	अ	1
सावती	साव	1
दुष्टित्री	दुष्ट	1
रोमांचक	रोमांचक	1
सवारीस्टर	सवारी	1
कीर	।	1
रोलर	रोल	1
जरा	का	1
तोस्टर	।	1
दम	सास	1
ब	##ू	1
बे	##ु	1
डिजाइनर	डिजाइनर	1
क्या	कै	1
दिखा	दिखा	1
मरिडीज्स	मर	1
अमेरिकीगल	अमेरिकी	1
हो	##क	1
ऊर्जा	ऊर्जा	1
संरक्षण	संरक्षण	1
से	##े	1
खेलआ	खेल	1
अजीब	अजीब	1
लगता	ला	1
भयानक	खतरनाक	1
डेीड	डे	1
एलर्जी	एलर्जी	1
ला	##ई	1
दवा	दवा	1
दुर्घटना	दुर्घटना	1
दो	दुइ	1
धन्यवाद	धन्यवाद	1
nfl	nfl	1
प्रशंसक	प्रशंसक	1
उद्यान	उद्यान	1
जूनियर	जूनियर	1
कु	##श्त	1
गहरा	गहरा	1
पचास्स	पचास	1
आपराधिक	आपराधिक	1
दौड़्ल	##ौड	1
मैथन	मै	1
।िक्स	।	1
कमल्टन्स	कमल	1
मार्टिन	मार्टिन	1
पुजारी	पुजा	1
हैं	बाल	1
।पेी	।	1
गुलाबींक	गुलाबी	1
आप	##दो	1
स्थिति	हालत	1
ओहlds	ओह	1
कूलdona	ठिक	1
को	##कर	1
बर्िट	बर्	1
आजट	आज	1
खा	खाए	1
गाजर	गाजर	1
घोड़े	घोडा	1
समस्याएं	समस्या	1
पढ़	सिख	1
रहे	##िये	1
अतीत	अतीत	1
भौतिक	भौतिक	1
नोलन	नो	1
निर्देशक्टो	निर्देशक	1
क्रिसफर	क्रिस	1
थारप्	थियो	1
सप्लाई	सप्लाई	1
हैलो	है	1
आजमस्ते	आज	1
स्कूलिका	स्कूल	1
है	मेरो	1
खेल	मैच	1
आप	##रो	1
अपने	ब	1
डिज़ाइनर	डिज़ाइन	1
हो	।	1
एप	एप	1
लेखकली	लेखक	1
ओहना	ओह	1
प्रार्थनाश	प्रार्थना	1
गुडलसफ़	गुड	1
डेर	डे	1
कामके	काम	1
आजलो	आज	1
रोलिंग	रोलिंग	1
स्टोन	स्	1
मिल	,	1
ट्रेड	ट्रेड	1
नौ	नौ	1
उपचार	उपचार	1
कुआ	कु	1
यानगर	या	1
पर	प	1
इसके	।	1
करते्लिक्स	बोल	1
आयैंडरल	आय	1
पसंदताल	पसंद	1
खेलतेबॉल	खेल	1
ईकालिक	ई	1
पूर्णब्ल्यूड	पूर्ण	1
पी	,	1
हाउसम्प	हाउस	1
मेरीसनकीं	मेरो	1
मजाक	मजाक	1
386्रो	386	1
386	386	1
ैली	,	1
हैं	पसंद	1
छुट्टीवीन	छुट्टी	1
एलीत्ता	एल	1
जानते	जान	1
marts	marts	1
कमजोरी	कमजोरी	1
मिनी	मिनी	1
बिजनेस	बिजनेस	1
स्कूलिया	स्कूल	1
टीम	टिम	1
पैकर्स	पैक	1
ज्वार	ज्	1
टाइड	टा	1
वैसे	वैसे	1
अलमा	##ल	1
कॉलेजबा	कॉलेज	1
डॉनलो	डॉन	1
श	दुकान	1
रहा	।	1
पसंदीदा	पसंद	1
बधाई	##बार	1
।सान	।	1
सेवानिवृत्त	सेवानिवृत्त	1
संपर्क	संपर्क	1
लेंस	लेंस	1
तट	तट	1
पश्चिमी	पश्चिमी	1
कमारौ	क	1
बलन	ब	1
रानीॉब	रानी	1
कैशी	कैश	1
नहीं	आसान	1
है	##किल	1
हल	समाधान	1
कामब	काम	1
00	:	1
4	चार	1
परियोजनाओं	परियोजना	1
पूछ	सवाल	1
दौरान	दौरान	1
लेली	ले	1
जेस्न	जे	1
मिर्च	मिर्च	1
स्	:	1
फिल्मली	फिल्म	1
मार्क	मार्क	1
हैंस	##े	1
फस्	फ	1
ऑर्डर	ऑर्डर	1
मैरीरीॉट	मैरी	1
से	पक्का	1
वापस	वापस	1
मैरीन	मैरी	1
लेन	ले	1
जेलीस्	जे	1
तुमलीस्	तु	1
न्स	,	1
ी	:	1
था	ला	1
समाप्त	फ	1
्यूम	:	1
है	##नि	1
रिजीन्स	र	1
न्स	:	1
नैी्यूम	नै	1
भर्तीियोंजेंस	भर्ती	1
साक्षात्कार	साक्षात्कार	1
बताी	बोल	1
।न्स	।	1
समस्या	परेशानी	1
15	15	1
तैयार	तैयारी	1
ज़रूरत	जरुरत	1
स्कूलीन्स	स्कूल	1
हां	हाँ	1
है	स्वागत	1
मानव	मानव	1
संसाधन	संसाधन	1
।यन्त्रिकि	।	1
हिस्सों	हिस्सा	1
विनिर्माण	विनिर्माण	1
में	##बा	1
मैनेजर	मैनेजर	1
प्रो	प्रो	1
स्डक	स्	1
वित्तीय	वित्तीय	1
संसाधनों	संसाधनों	1
िन	,	1
पासवर्ड	पासवर्ड	1
लॉग	लॉग	1
कॉल	फोन	1
करने	##री	1
परियोजनाओं	योजना	1
बजट	बजट	1
याैक	या	1
जानकारी्स	जानकारी	1
क्सॉप	क	1
जॉनियर	जॉन	1
मशीन	मशीन	1
फ़ाइल	##ाईल	1
परियोजना	योजना	1
यू	##िया	1
माँ	मास	1
उसके	##रो	1
होकर	।	1
ा	?	1
लायक	लायक	1
ऐसे	ऐ	1
लेक	लेक	1
तू्चर	तु	1
हैं	##े	1
हक	हक	1
बोलते	बोले	1
डॉक्टरीम	डाक्टर	1
बरिक	ब	1
तू्चू	तु	1
छुट्टी	छुट्टी	1
पता	जान	1
वक्तंकी	वक्त	1
आपू	तु	1
डबलगूक	डबल	1
तो	##ए	1
हैएल	##ह	1
एमक्शनले	एम	1
वोटौं	वोट	1
देंडा	दिये	1
फायदा	फायदा	1
जनता्ली	जनता	1
डाले	##ई	1
तेरी	##रो	1
जोंडा	जो	1
तोंडा	।	1
बोलांकी	बोल	1
सेंटरू	सेंटर	1
सर्वे	सर्वे	1
नक्शा	नक्शा	1
साहार	साह	1
होमूक	##ि	1
बहस	बहस	1
रोके	रोका	1
रांचीई	रांची	1
वो	##ह	1
सुमना	सुमन	1
तो	##ओ	1
रही	##ेन	1
गलत	गलत	1
आजु	आज	1
जीार	जी	1
उसने	ते	1
बढ़ु	ब	1
है	##ओ	1
बिच	बिच	1
सुमनारी	सुमन	1
में	##ऊ	1
से	##रो	1
मुश्किल	##ुश	1
फिर	##छ	1
ने	##ता	1
डे	?	1
जौं	ज	1
था	##ेन	1
ये	सु	1
ना	##ह	1
सुनाा	सुन	1
राजू	राजू	1
रोटीा	रोटी	1
खान	खा	1
तू	सु	1
कहमा	बोले	1
थाैंक	आ	1
सुखं	खुश	1
सिखाती	सिख	1
प्रताप	प्रताप	1
परंटांकी	पर	1
राजूड़	राजू	1
1962	1962	1
जडा	ज	1
थाौं	थियो	1
था	##दो	1
अपनेनातू	अपने	1
पालु	पाल	1
सीधा	सीधा	1
देवीैलो	देवी	1
देखने	देख	1
जडे	ज	1
माताौं	मां	1
पुलिसवाही	पुलिस	1
ग	दे	1
आजस्न	आज	1
में	##िय	1
गया	##रू	1
होकर	##ेन	1
बाुरींस	बा	1
देना	दे	1
था	जान	1
नाौर	##ह	1
खाने	खान	1
बासुरीेंस	बा	1
कोजात	को	1
वर्दी	वर	1
राजदा	राज	1
करता	##ह	1
जाया	जाया	1
तलवारया	तलवार	1
राणाीश	राणा	1
अर्जुनखे	अर्जुन	1
लद्धूर	लाख	1
योपति	यो	1
शदल	श	1
मेरे	मेरे	1
साजन	सु	1
कांशीराम	का	1
दुष्ट	दुष्ट	1
ड	##ुंड	1
मौतह	मौत	1
ल	##चक	1
जान	जिन्दगी	1
साज	सा	1
गम	गो	1
जज़	जीन	1
खेले	खेल	1
के	##ड	1
मौतक्	मौत	1
सिय	सि	1
सोाथमनम	सो	1
पंद्र	पं	1
गानह	-	1
बात	##ि	1
पंहद्र	पं	1
गया	बि	1
देशदी	देश	1
आई	##ओ	1
नेहरूजी	नेहरू	1
देशर	देश	1
जड़वा	जड	1
मेलँ	मेल	1
करके	देश	1
हुकूुमम	हुक	1
तराईत	तराई	1
नांब	ना	1
होमिकाउ	होम	1
मल	म	1
शन	शन	1
खुशग	खुशी	1
से	सि	1
नयन	न	1
दुनियालेरा	दुनिया	1
जी	जि	1
ने	##न	1
कटार	कट	1
मनाली	मना	1
वालीपू	##ह	1
लग	ल	1
जल	जल	1
ही	ह	1
इँस	एक	1
दाँत	दात	1
मुख	मुँह	1
रोष	रो	1
सुखलाप	सुख	1
जोड़	##इ	1
डोग	ड	1
राजसरा	राज	1
हाथक	हाथ	1
ठ	ट	1
साफ़े	साफ	1
परंत	पर	1
जना	जना	1
ध्यानेब	ध्यान	1
तेे	ते	1
गरह	ग	1
धानठक्का	धान	1
पंबास	प	1
तच्चीकू	त	1
हजार	हजार	1
रुपयेए	रुपया	1
रहती	##चे	1
आशीषली	आशीष	1
रसीील	रस	1
बस्ती	बस्ती	1
जात	जात	1
आजकल	आजकल	1
देन	देन	1
बिहारीश	बिहारी	1
फूलों	फूल	1
संतों	संत	1
कांडा	##चे	1
आर्य	आर्य	1
निभाईौ	निभाई	1
महिमाजीश्मा	महिमा	1
खारी	खा	1
है	हो	1
रामफ	राम	1
प्रचार	प्रचार	1
हुए	##चे	1
को	##ेन	1
शरणं	शरण	1
ज्योतिमा	##यो	1
दौड़ीी	द	1
चंद्रकलो	चंद्र	1
सेवातन	सेवा	1
नागिन	ना	1
हालते	हालात	1
देखेघर	देखो	1
चे	च	1
कोबारे	को	1
बठी	ब	1
कमा	कमाई	1
केरा	##ह	1
माननब	मान	1
बच्चे	बच्चे	1
लाखते	लाख	1
दे	##ओ	1
तु	##ह	1
नद	ना	1
घाट	घाट	1
के	ध	1
आजरर	आज	1
छ	##ठो	1
आजरन	आज	1
बाला	बाल	1
साहित्यम	साहित्य	1
उत्	उत्	1
पर	दिन	1
जन्म	जन्म	1
मुनि	मुनि	1
हों	##ेस	1
घाटीं	घाटी	1
रेशमी	रेशम	1
मुंह	मुँह	1
ख	आ	1
महलने	महल	1
निभा	निभा	1
पाना	पाई	1
आजताने	आज	1
तूतड़	तु	1
डालीझ	डाल	1
छान	छान	1
बताना	बोल	1
ल्ट	?	1
दुनियाे	दुनिया	1
महल़	महल	1
श	##म	1
उदास	दुख	1
साथना	साथ	1
कच्चे	कच्चा	1
प	##छ	1
लगा	##ो	1
बहारे	बह	1
किरणी	किरण	1
सि	सय	1
बातयान	बात	1
जंजा	ज	1
हाथोंल	हाथ	1
शानतन	शान	1
संगमऱ्	संगम	1
जिन	जिंदगी	1
सुनानी	सुना	1
सुनसान	सुन	1
सावित	साव	1
टा	##ठ	1
परिभाषा	परिभाषा	1
का	##ाई	1
शांतल	शांत	1
मुलाजखरवी	मुल	1
हओ	ह	1
बाँटी	बा	1
मजदूर	मजदुर	1
जलंजा	ज	1
देखालंजा	देखि	1
चिन्ताें	चिन्ता	1
रहता	##ह	1
हू	हाँ	1
जमकल	ज	1
दींजा	दी	1
बढ़ा	ब	1
सुंदरता	सुंदरता	1
सुना	सुनाए	1
स्वतंत्रषा	स्वतंत्र	1
के	दे	1
माता	माँ	1
लक्ष्मण	लक्ष्मण	1
रामायण	राम	1
उपदेशू	उपदेश	1
पुजारीा	पुजारी	1
तुू	तु	1
संदेशना	संदेश	1
महलं	महल	1
को	##रो	1
देना	देन	1
के	मि	1
रानीं	रानी	1
तालाब	तालाब	1
कुलहरा	कुल	1
मिबा	मि	1
ने	देखि	1
दंग	द	1
लवड़ीपुरलासवाल	लो	1
केगडुया	##ेस	1
तान	ता	1
कामे	काम	1
हैरड़	##तू	1
का	फ	1
घजा	घ	1
आजुसिर	आज	1
चारुँ	चार	1
पा	पाए	1
रावणें	रावण	1
बातें	कुन	1
दुनियारी	दुनिया	1
घाम	घाम	1
दिलकर	दिल	1
शिक	श	1
गवे	ग	1
बिन	बि	1
नेवी	##े	1
पर	तट	1
त	##ैर	1
जोाक	जुन	1
थााई	थियो	1
मसीहज	मसीह	1
ढेर	ढेर	1
हँ	हाँ	1
स्वतंत्रता	आजादी	1
कोकार	##ई	1
धनी	धनी	1
भावकुल	भाव	1
यशणि	यश	1
समाजवादीकारी	समाजवादी	1
परिवेश	परिवेश	1
पहाडी	पहाडी	1
क्रांतिकार	क्रांति	1
सहन	सहन	1
क्रांतिकारी	क्रांति	1
जो	##ि	1
कीदी	##ह	1
गुणटा	गुण	1
साहित्यार	साहित्य	1
सम्राटपाल	सम्राट	1
उपन्यास	उपन्यास	1
चरणों	चरण	1
कविता	कवी	1
स्वीकार	स्वीकार	1
करना	##ए	1
मलशा	म	1
कौशल	कौशल	1
खोला	खोला	1
सन्	##छ	1
कौशलगा	कौशल	1
कैदी्म	कैदी	1
फर्जी	फर्जी	1
भखा	भ	1
आज़िरी	आज	1
त्ंकरिश	त्	1
औलादु	औ	1
हैं	##ाह	1
चीज	चीज	1
उँसस	उ	1
बाट	बाट	1
घ	##ह	1
तोी	तो	1
पुल	पुल	1
थािन्दातल	थियो	1
फूल	फूल	1
पुष्प	पुष्प	1
देता	दे	1
व्यक्त	व्यक्त	1
शब्द	शब्द	1
रूप	रुप	1
रजनीे	र	1
विभोर	वि	1
मू	मू	1
शांतिक	शांत	1
सुना	सुन	1
उपेक्षाद	उपेक्षा	1
कािन्ग	का	1
जिन्दगीुनी	जिन्दगी	1
कुला	कुल	1
मना्लू	मना	1
किन्न	किन्न	1
मंडीौर	मंडी	1
काड़ांग	का	1
कतार	कतार	1
दयाड़	दया	1
बाबटरा	बाबा	1
दियोस	दियो	1
निली	नि	1
जोड़	##ई	1
मंदिर	मंदिर	1
माताट	माता	1
जीीवाला	जी	1
चतिन्	च	1
के	प्रति	1
र	##ीत	1
सृष्टि	सृष्टि	1
का	##ई	1
अ	##जब	1
नहींाराुज	ना	1
लकी	ल	1
तूूर	तु	1
शास्त्र	शास्त्र	1
गाी	गा	1
झाँसी	झा	1
सावित्र	साव	1
संयोग्तूरबा्म	संयोग	1
पदिनी	पद	1
लताकर	लता	1
मदरीशंत	म	1
मिस	म	1
एनेरंगे	एन	1
सुधारक	सुधार	1
को	##इ	1
या	-	1
बाईजा	बाई	1
शिवा	शिव	1
राष्ट्रला	राष्ट्र	1
जो	आफु	1
गौतमर	गौतम	1
सृष्टिन्द	सृष्टि	1
इसका	,	1
त्याग	त्याग	1
बासन	बास	1
द्वारा	द्वारा	1
माँकर	मागे	1
मकीौ	म	1
मा	'	1
उन्	उन्	1
शदबु	श	1
बा	'	1
गया	##ई	1
हिंसासच	हिंसा	1
उदासग	उदास	1
शायरब	श	1
हीबा्स	##े	1
उद्यम	उद्यम	1
हरँ	हर	1
हुन	हुन	1
जानकार	जानकार	1
थार	##र	1
से	##किल	1
चीज़	चीज	1
चोरीहा	चोर	1
भखाििक्षा	भ	1
छाती	छाती	1
धनुष	धन	1
कु	कमी	1
हुआ	##ुन	1
सीख	सिख	1
विधान	विधान	1
ताजए	ताज	1
ने	##ये	1
कविमा	कवी	1
साहुका	साह	1
मालदार	माल	1
हाथना	हाथ	1
दिलासा	दिलासा	1
समान	समान	1
रोए	रो	1
बंदोबस्तवारी	बंदोबस्त	1
गनाम	##ुम	1
तक	तक	1
खलाली	ख	1
मच्छ	मच	1
दुखिया	दुख	1
संसार	संसार	1
आजद्र	आज	1
परम	##रमा	1
मुँहानंद	मुँह	1
लंबीकर	लांब	1
लोकली	लोक	1
रिटमैण्टायर	रिट	1
एन्वर	एन	1
दशहरे	दश	1
नियमकार	नियम	1
लागू	लागू	1
इच्छा	##च्छा	1
अर्थर्थ	अर्थ	1
अर्थ	अर्थ	1
आएशाहना	आ	1
जो	##ओ	1
लूट	##ुटा	1
मत	न	1
म	मा	1
कुशत	के	1
कामयाब	कामयाब	1
अग्निशमन्ते	अग्निशमन	1
दस	दस	1
करता	आफु	1
बाबौ	बाबा	1
भोग	भोग	1
पूजारी	पूजा	1
टिोरीक्का	टि	1
राशि	राशि	1
भूल	भूल	1
जाना	जाना	1
सीधी	सीधा	1
जयेकार	जय	1
प्लान	प्लान	1
सूत	स	1
रेत	रेत	1
गाजरी	गा	1
न	प्रतिष्ठा	1
स्थ	/	1
न	कुन	1
गाँधीू	गाँधी	1
माँ	मागे	1
आतंकवाद	आतंकवाद	1
सरह	सर	1
आतंकवादी	आतंकवादी	1
ड्पंक	ड	1
आत्मा	आत्मा	1
वेदना	वेदना	1
देकर	##ह	1
जीन	जि	1
गर्म	ताप	1
जान	##ए	1
कुीज्ज	कु	1
दृश्य	##जार	1
कुिलीज्ज	कु	1
जो	##ह	1
बलिदान	बलिदान	1
पुष्प	फुल	1
प्रगति	प्रगती	1
संतोष	संतोष	1
जीत	जीत	1
उदय	उदय	1
डे	,	1
पवां	प	1
चड़िलट	च	1
भव	भ	1
अतिथिो	अतिथि	1
खत	खत	1
खुशचड़ीगी	खुश	1
अटल	##टल	1
हिमालयहरा	हिमालय	1
ताजँदी	ताज	1
नयाज़ार	नया	1
दयाज़	दया	1
कैलर	कै	1
व्यास	व्यास	1
सुजीतल	स	1
रूमंग	रूम	1
आज्रनईँग	आ	1
डॉ	ड	1
पाूडजे	पा	1
झाझरँब	झा	1
बयास	ब	1
प्गैरस	प्	1
अलंग	अल	1
अड़ांताजोरा	अ	1
हरीज	हरा	1
भरी	भरा	1
चैत	चैत	1
आया	##न	1
स्मृति	स्मृति	1
रहा	यार	1
लगे	##ह	1
बोलताक्षा	बोल	1
सरस्वती	सरस्वती	1
पीत्	पी	1
भाौला	भाषा	1
ध	##धार	1
है	जरुरत	1
ती	ती	1
कुल	##े	1
जिनका	##ए	1
सर्वव	सर्व	1
भेदड़ी	भेद	1
कलेजस	कलेज	1
यक	यक	1
प्रश्न्ष	प्रश्न	1
जर	जर	1
जोरमीन	जोर	1
तूया	तु	1
रचा	र	1
सृष्टिई	सृष्टि	1
सया	स	1
पंचभूतों	पंच	1
महा	मा	1
फेराकाल	फ	1
मिलाइए	मिला	1
बोल	बात	1
ने	##ि	1
छैल	छ	1
को	##से	1
भा	बिच	1
देखं	देख	1
सुीकुमार	सु	1
पल	,	1
गोलम	ग	1
पलशादन	पल	1
लगाकर	##चे	1
जिन्दगी	जिंदगी	1
की	सु	1
को	##र	1
निशानी	निशान	1
भाड़ाख	भा	1
नवाड़ील	न	1
रौनक	र	1
नाोयां	ना	1
सरवरले	सर	1
मली	म	1
मनोहरुर	मनोहर	1
पंीजरवरी	पं	1
जो	##ई	1
निशानख	निशान	1
भाीड़ा	भा	1
महलियाँ	महल	1
दत	द	1
नहरौलत	ना	1
मधार	म	1
सूरजँ	सूरज	1
मरीजों	मरीज	1
भी	आफु	1
सौर्य	सौ	1
हनोंन्द	ह	1
सेश	से	1
हकहम	हक	1
दरिया	दर	1
घ	दौर	1
ड्दाूब	ड	1
बाजारों	बाजार	1
दोनोंवं	दुई	1
कमीशन	कमीशन	1
काटने	काटा	1
निंदे	आ	1
आयारे	आ	1
दतापर्वा	द	1
फेरी	फेरी	1
कहख	बोल	1
रोमतीबर	रो	1
गोली	गोली	1
गईक	##ई	1
जानेडली	जाने	1
बेबा	बे	1
बेनागुजु	बे	1
रामली	राम	1
नग्नहलाई	नग्न	1
कुम्ईहाल	कु	1
पथ	पथ	1
शामित	शाम	1
चूस	च	1
षशीज्ज	ष	1
तेवांन्ोड	त	1
आला	आला	1
आलापे	आला	1
ह	हजार	1
नेखर	न	1
रिक्तँसंडारु	रिक्त	1
खिले	फुल	1
कहा	कहा	1
आनँग	आ	1
स्वागतृंगा्र	स्वागत	1
दिलदारँग	दिल	1
धारठ	धार	1
कलेजछीा	कलेज	1
दाना	दान	1
पूरा	पुरा	1
खुलछीे	खुल	1
नहींछी	ना	1
क्याल	कुन	1
टेकिकल	टेक	1
सर्जिकल	सर्जिकल	1
पुरानीतबर	पुरानो	1
मारबल	मार	1
शौक़	शौक	1
हमाम	हम	1
कुजातसम	कु	1
सूली	स	1
राजे	राजा	1
सिपाहीदूर	सिपाही	1
पड़े	खाती	1
ड्यूटीूप	ड्यूटी	1
आध	आ	1
राती	राती	1
टेकथा	टेक	1
जोड़ें	जोडा	1
जो	##स्या	1
शायदर	शायद	1
चर्चाुगल	चर्चा	1
साईंसथ	साई	1
कॉमर्स	कॉमर्स	1
ट्यूशन	ट	1
स्कूलगे	स्कूल	1
वेला	वे	1
होम	होम	1
इतिहास	##हास	1
म	जि	1
थी	जि	1
हाट	हा	1
सावन	साव	1
टपप	ट	1
माय	माय	1
गोटाँदीँदी	गो	1
चूर	ते	1
पकतिया	प	1
लारी	ला	1
मालती	माल	1
हिमाचलिटारी	हिमाचल	1
प्यारी	प्यार	1
धरती	धरती	1
राूझ	रा	1
मोहन	मोहन	1
वीरक़ी	वीर	1
़रों	-	1
बदनाम	बदनाम	1
हिन्दू	हिन्दू	1
मुसलमान	मुसलमान	1
के	##ी	1
ताज	ताज	1
झुला	झ	1
रबौ	र	1
जीना	जी	1
म	मो	1
ब्लड	ब्लड	1
प्रेशर	प्रेशर	1
के	##स्या	1
दीजीत	दी	1
संग	साथ	1
स्वामीि	स्वामी	1
गिर्वर	गिर	1
कलेज	कलेज	1
हीझे	ही	1
तुमरं	तु	1
पुनस्ू	पुन	1
ससी्न	स	1
क्यों	किन	1
मेरीैन	मेरो	1
आत्म	आत्मा	1
काव्य	काव्य	1
आदि	आदि	1
अनौकिकुप	अन	1
पीपल	पी	1
दिएट	##ये	1
धूल	धूल	1
सारछी	सार	1
पालकर	पाल	1
औश	औ	1
तालड़द्दं	टा	1
गखारपो	ग	1
नरा्या	न	1
एकता़	एकता	1
़ी	-	1
फक	फ	1
नारा	नारा	1
भाईाल	भाई	1
मिसचार	मिस	1
मि	मा	1
नंटी	नं	1
नवीन	नवीन	1
ड	##ु	1
लूटग	##ुटा	1
भौज	भ	1
छा	छा	1
सुखेनान्द	सुख	1
जयकार	जय	1
ज्	बुखार	1
खाँस	खा	1
छायाआई	छाया	1
रही	##ो	1
बैग	बैग	1
दुकानदार	दुकान	1
खुलम	खुल	1
औचित्य	औचित्य	1
के	ते	1
सीतेियाँ	सी	1
दोत	दुई	1
साबू	सा	1
बखीैसा	ब	1
ग	गो	1
पाक	पाई	1
मार	मारे	1
चलाा	चाल	1
ने	##ाई	1
क्रम	क्रम	1
ट	थियो	1
आजै	आज	1
हेहर	##ह	1
मायाज	माया	1
पाँचों	पाँच	1
बराबरी	बराबरी	1
व्या	व्या	1
रहा	##ेन	1
माया़ा	माया	1
घैन	घ	1
काछी	##ह	1
क	गा	1
मैंने	लगातार	1
गुलाबिले	गुलाब	1
गुलाबी	गुलाब	1
तिम	ति	1
विचारों	विचार	1
उष्मा	उ	1
हुआ	##किल	1
शवाल	श	1
हासिलै	हासिल	1
़ा	?	1
देखें	देखि	1
चाद	चा	1
देखताँ	देख	1
दे	दिये	1
जीाैर	जी	1
को	##ुई	1
उपदेश	उपदेश	1
हीरे	ही	1
उधारी	उधार	1
बाप	माँ	1
ज	जरुरी	1
कब्पाट	कब	1
विष्णुजी	विष्णु	1
गोर्ने	-	1
।ार	।	1
जरूरीे	जरुरी	1
भाजी	भाजी	1
चुप	चुप	1
मंत्रुप	मंत्र	1
दपर्वा	द	1
सुदर्शन	सु	1
म्हा	म	1
हनुमान	हनुमान	1
महया	म	1
बरसाततेवाले	बरसात	1
आसरा	आस	1
के	पास	1
ख्डड	ख	1
रंगे	रंग	1
महिमा	महिमा	1
कवि	कवी	1
गया	##दो	1
चढ़	च	1
भारती	भारती	1
करँस	##ह	1
ुर	-	1
फराफे	फ	1
हो	##ेस	1
किताबपढ़	किताब	1
रोटीाई	रोटी	1
खाई	खाए	1
पड़ातीतंत	##डो	1
प्रशंसा	तारीफ	1
चााकोन	चा	1
सातबू	सा	1
ब्याज	ब्याज	1
ठाकर	ठ	1
कालीयन	कालो	1
रे	रेखा	1
पीले	पी	1
धाररियाोली	धार	1
पिच	पिच	1
बोलताा	बोल	1
पीछी	पी	1
तरछीवरु	तर	1
गड़ीूद	ग	1
जवान	जवान	1
छेद	छेद	1
सोच	विचार	1
लड़ाई	##डा	1
जमीन	जागा	1
जगहा	जागा	1
जमीन	जमीन	1
वकीलों़ा	वकील	1
हालसीौ	हाल	1
देखकर	देखी	1
देखी	देखो	1
कर	समझौता	1
बाहर	बाहर	1
बोलल	बोल	1
राहू	राहू	1
र	##िव	1
को	##ाज	1
डिस्की	डिस्क	1
चुनो	चुन	1
क्रीमऊ	क्रीम	1
पा	पो	1
बगार	बा	1
ढोलेजान	ढोल	1
नाचोती	नाच	1
डिस्कती	डिस्क	1
फर्	फ	1
पहाड़क्की	पहाड	1
बचत	बचत	1
पना	##ैमा	1
झूरी	झ	1
इंतजार	इंतजार	1
तेरे	##रो	1
चेहराता	मुँह	1
मेराते	मेरो	1
किलाी	कि	1
जो	टाइम	1
बेकार	बेकार	1
राही	राह	1
भाषाढने	भाषा	1
्ला	-	1
बाङ	बा	1
ंडिया	-	1
के	निवासी	1
प्रदेशतिर	प्रदेश	1
खान	खाऊ	1
षा	##ऊ	1
हिमाचलुशहरी	हिमाचल	1
सिकेकली	सि	1
शश	श	1
फफटा	फ	1
्डा	‘	1
बिीज	बि	1
दिवालीाली	दिवाली	1
औ	औ	1
खोले	खोला	1
संरचना	संरचना	1
शब्दकोश	शब्दकोश	1
के	##ो	1
शीश	शी	1
ये	लांब	1
गगन	आसमान	1
यो	के	1
तुम्हारी	##रो	1
मेरासम	मेरो	1
स्थल	स्थल	1
उन्नत	उन्नत	1
का	##क्ष	1
झटका	झटका	1
हिरन	हि	1
कसरोम	कस	1
हर	##े	1
निवेदन	निवेदन	1
टीचर	टीचर	1
कोई	##या	1
लीड	लीड	1
उड़ान	उ	1
कैलाश	कैलाश	1
किन्नला	किन्न	1
प्रदेशटी	प्रदेश	1
करें	##ओ	1
स्कूले	स्कूल	1
पैदाोन	पैदा	1
किया	टा	1
है	हैरान	1
लव्लू	लव	1
दशीपुर	दश	1
हाणि	हा	1
ज्ोटी	ज्	1
शवालाजी	,	1
हे	,	1
मटकम	म	1
मंडीरात	मंडी	1
शिमलाटी	शिमला	1
नाौर	ना	1
हिमाचलालरा	हिमाचल	1
घाटीपूिक	घाटी	1
किन्नेस	किन्न	1
खई	ख	1
आपओ	तु	1
जी	##जी	1
ठिक	ठीक	1
पारया	पार	1
पंह	पं	1
आपर्	##ह	1
निभा़ज़	निभा	1
रिजल्ट	रिजल्ट	1
्यूशन	-	1
सिगरेट	सिगरेट	1
पहुँच	पहुँच	1
बदलीओ	बदली	1
ख	दुख	1
यह	##े	1
गए	##सर	1
क्या	बि	1
लगा	लागी	1
पक्का	पक्का	1
डिस्को	डिस्क	1
हैू	##ाने	1
युवा	युवा	1
शिक्षक	शिक्षक	1
च	##ाए	1
मंत्री़	मंत्री	1
्तर	-	1
पीदार	पी	1
सहायक	सहायक	1
फ़िल्म	फिल्म	1
काम़	काम	1
दीवार	दीवार	1
बे्जत	बे	1
कहेी	बोले	1
धीमा	ध	1
प्रकाशद	प्रकाश	1
चंन	चं	1
है	##या	1
बादलटा	बादल	1
क्यादर	क्या	1
साथरी	साथ	1
कुतीदर	कु	1
देकर	##ई	1
मिठा	मि	1
बबुलुल	ब	1
वाणीी	वाणी	1
है	कुन	1
मोहल	मोह	1
कहानी	कहानी	1
जातना	जात	1
वपात	व	1
करा्या	करा	1
हैरीत	##ई	1
क्षणुरम	क्षण	1
ताम	ता	1
हकर	हाँ	1
दुनियादारी	दुनिया	1
खुशोँट	सुख	1
हराौ	हरा	1
चगान	च	1
सांयनींय	सा	1
मीठाियोंछ	##ठो	1
धार	धार	1
रंग	##रंग	1
जागले	जाग	1
नुआ	न	1
चाहते	चाह	1
धारी	धार	1
गालील	गाली	1
धान	धान	1
खुशा	खुश	1
मेरेमन	मेरो	1
गुडु	गुड	1
बारहीह	बारा	1
बचपन	बचपन	1
राजीव	राजीव	1
गरी	ग	1
शहरान	शहर	1
रेिस्तग	रे	1
कोिज	##ह	1
नाषित	##प	1
आत्म	आत्म	1
शायदराह	शायद	1
जीऊ	जी	1
घड़ी्सा	घ	1
था	##ो	1
घड़ी	घ	1
री	र	1
जोंडाज्ज	जो	1
दूरलू	दु	1
था	##ए	1
ज	जो	1
कीकरी	आ	1
बकरी	बा	1
देनी	दे	1
नंबरनाजलेनीदार	नंबर	1
दिल	दिल	1
तो	##ान	1
जहम	ज	1
ताई	ता	1
नंबरनीदार	नंबर	1
जमा	जमा	1
मस्का	मस्क	1
रोटीने	रोटी	1
नंबरदार	नंबर	1
देतेदारी	दिये	1
पड़ा	##ौड	1
हिस्से	हिस्सा	1
एकॉब	गेम	1
वीडियोी	वी	1
स्वस्थ	स्वस्थ	1
ह्टनॉस	ह	1
विनाशकारी	विनाशकारी	1
न	##स्ते	1
रागहा	राग	1
बनतःज़	ब	1
।लैंड	।	1
प्रभुग	प्रभु	1
रॉक्टॉन्सर	रॉक	1
पेशेवर	पेशेवर	1
एकी	##ह	1
5	पाँच	1
सेस्	##ह	1
विकिन	वि	1
पर्वे	पर्	1
कॉर्पोरेटय	कॉर्पोरेट	1
थाफ	थियो	1
शे	श	1
कॉर्पोरेट	कॉर्पोरेट	1
हे	हाँ	1
नर्सिंग	नर्सिंग	1
भावनात्मक	भावनात्मक	1
डइंग्रा	ड	1
ब्रेडिट	ब्रेड	1
हम्म	हम	1
ओहस	ओह	1
सुनते	सुन	1
प्रमुख	मुखिया	1
मनविज्ञानदाता	मन	1
परामर्श	परामर्श	1
बोलतातालवी	बोल	1
भाषाओं	भाषा	1
वाहिश	वाह	1
नस्ते	##म	1
प्रबंधन	प्रबंधन	1
सलाहकार	सलाह	1
एक	##र	1
स्नातक	स्नातक	1
क्याावली	कि	1
पदारी	प	1
मामला	मामला	1
।हरे	।	1
हमवी	हम	1
।्मइ	।	1
बिंदु	बिंदु	1
पश्चिम	पश्चिम	1
से	के	1
किया	काम	1
।ैम	।	1
ग्रेडटन	ग्रेड	1
िश	?	1
ज	जरुर	1
नं	न	1
जंग	जंग	1
हीरो्लैश	हीरो	1
व	उत्	1
की	मांग	1
जगहोंजू	जगह	1
पहाड़ीिर	पहाड़ी	1
पर	##ह	1
गई	##इ	1
पैसे3	पैसा	1
जनार	जना	1
देडक्ट	दे	1
कंब	कं	1
ने	##रे	1
दी	##या	1
